id,season,team1,team2,result,target,team2_score,balls_30,team2_30_rn,team2_30_wk,team2_30_ach,balls_60,team2_60_rn,team2_60_wk,team2_60_ach,balls_90,team2_90_rn,team2_90_wk,team2_90_ach,dl_applied,winner,win_by_runs,win_by_wickets,team2_win
1,2017,Sunrisers Hyderabad,Royal Challengers Bangalore,normal,208,172,90,,,2,60,,,,30,,,,0,Sunrisers Hyderabad,35,0,
2,2017,Mumbai Indians,Rising Pune Supergiant,normal,,,90,,,,60,,,,30,,,,0,Rising Pune Supergiant,0,7,
3,2017,Gujarat Lions,Kolkata Knight Riders,normal,,,90,,,,60,,,,30,,,,0,Kolkata Knight Riders,0,10,
4,2017,Rising Pune Supergiant,Kings XI Punjab,normal,,,90,,,,60,,,,30,,,,0,Kings XI Punjab,0,6,
5,2017,Royal Challengers Bangalore,Delhi Daredevils,normal,,,90,,,,60,,,,30,,,,0,Royal Challengers Bangalore,15,0,
6,2017,Gujarat Lions,Sunrisers Hyderabad,normal,,,90,,,,60,,,,30,,,,0,Sunrisers Hyderabad,0,9,
7,2017,Kolkata Knight Riders,Mumbai Indians,normal,,,90,,,,60,,,,30,,,,0,Mumbai Indians,0,4,
8,2017,Royal Challengers Bangalore,Kings XI Punjab,normal,,,90,,,,60,,,,30,,,,0,Kings XI Punjab,0,8,
9,2017,Delhi Daredevils,Rising Pune Supergiant,normal,,,90,,,,60,,,,30,,,,0,Delhi Daredevils,97,0,
10,2017,Sunrisers Hyderabad,Mumbai Indians,normal,,,90,,,,60,,,,30,,,,0,Mumbai Indians,0,4,
11,2017,Kings XI Punjab,Kolkata Knight Riders,normal,,,90,,,,60,,,,30,,,,0,Kolkata Knight Riders,0,8,
12,2017,Royal Challengers Bangalore,Mumbai Indians,normal,,,90,,,,60,,,,30,,,,0,Mumbai Indians,0,4,
13,2017,Rising Pune Supergiant,Gujarat Lions,normal,,,90,,,,60,,,,30,,,,0,Gujarat Lions,0,7,
14,2017,Kolkata Knight Riders,Sunrisers Hyderabad,normal,,,90,,,,60,,,,30,,,,0,Kolkata Knight Riders,17,0,
15,2017,Delhi Daredevils,Kings XI Punjab,normal,,,90,,,,60,,,,30,,,,0,Delhi Daredevils,51,0,
16,2017,Gujarat Lions,Mumbai Indians,normal,,,90,,,,60,,,,30,,,,0,Mumbai Indians,0,6,
17,2017,Rising Pune Supergiant,Royal Challengers Bangalore,normal,,,90,,,,60,,,,30,,,,0,Rising Pune Supergiant,27,0,
18,2017,Delhi Daredevils,Kolkata Knight Riders,normal,,,90,,,,60,,,,30,,,,0,Kolkata Knight Riders,0,4,
19,2017,Sunrisers Hyderabad,Kings XI Punjab,normal,,,90,,,,60,,,,30,,,,0,Sunrisers Hyderabad,5,0,
20,2017,Royal Challengers Bangalore,Gujarat Lions,normal,,,90,,,,60,,,,30,,,,0,Royal Challengers Bangalore,21,0,
21,2017,Sunrisers Hyderabad,Delhi Daredevils,normal,,,90,,,,60,,,,30,,,,0,Sunrisers Hyderabad,15,0,
22,2017,Kings XI Punjab,Mumbai Indians,normal,,,90,,,,60,,,,30,,,,0,Mumbai Indians,0,8,
23,2017,Kolkata Knight Riders,Gujarat Lions,normal,,,90,,,,60,,,,30,,,,0,Gujarat Lions,0,4,
24,2017,Mumbai Indians,Delhi Daredevils,normal,,,90,,,,60,,,,30,,,,0,Mumbai Indians,14,0,
25,2017,Sunrisers Hyderabad,Rising Pune Supergiant,normal,,,90,,,,60,,,,30,,,,0,Rising Pune Supergiant,0,6,
26,2017,Kings XI Punjab,Gujarat Lions,normal,,,90,,,,60,,,,30,,,,0,Kings XI Punjab,26,0,
27,2017,Kolkata Knight Riders,Royal Challengers Bangalore,normal,,,90,,,,60,,,,30,,,,0,Kolkata Knight Riders,82,0,
28,2017,Rising Pune Supergiant,Mumbai Indians,normal,,,90,,,,60,,,,30,,,,0,Rising Pune Supergiant,3,0,
29,2017,Rising Pune Supergiant,Kolkata Knight Riders,normal,,,90,,,,60,,,,30,,,,0,Kolkata Knight Riders,0,7,
30,2017,Royal Challengers Bangalore,Gujarat Lions,normal,,,90,,,,60,,,,30,,,,0,Gujarat Lions,0,7,
31,2017,Delhi Daredevils,Kolkata Knight Riders,normal,,,90,,,,60,,,,30,,,,0,Kolkata Knight Riders,0,7,
32,2017,Sunrisers Hyderabad,Kings XI Punjab,normal,,,90,,,,60,,,,30,,,,0,Sunrisers Hyderabad,26,0,
33,2017,Rising Pune Supergiant,Royal Challengers Bangalore,normal,,,90,,,,60,,,,30,,,,0,Rising Pune Supergiant,61,0,
34,2017,Gujarat Lions,Mumbai Indians,tie,,,90,,,,60,,,,30,,,,0,Mumbai Indians,0,0,
35,2017,Delhi Daredevils,Kings XI Punjab,normal,,,90,,,,60,,,,30,,,,0,Kings XI Punjab,0,10,
36,2017,Sunrisers Hyderabad,Kolkata Knight Riders,normal,,,90,,,,60,,,,30,,,,0,Sunrisers Hyderabad,48,0,
37,2017,Royal Challengers Bangalore,Mumbai Indians,normal,,,90,,,,60,,,,30,,,,0,Mumbai Indians,0,5,
38,2017,Gujarat Lions,Rising Pune Supergiant,normal,,,90,,,,60,,,,30,,,,0,Rising Pune Supergiant,0,5,
39,2017,Sunrisers Hyderabad,Delhi Daredevils,normal,,,90,,,,60,,,,30,,,,0,Delhi Daredevils,0,6,
40,2017,Kolkata Knight Riders,Rising Pune Supergiant,normal,,,90,,,,60,,,,30,,,,0,Rising Pune Supergiant,0,4,
41,2017,Gujarat Lions,Delhi Daredevils,normal,,,90,,,,60,,,,30,,,,0,Delhi Daredevils,0,7,
42,2017,Kings XI Punjab,Royal Challengers Bangalore,normal,,,90,,,,60,,,,30,,,,0,Kings XI Punjab,19,0,
43,2017,Rising Pune Supergiant,Sunrisers Hyderabad,normal,,,90,,,,60,,,,30,,,,0,Rising Pune Supergiant,12,0,
44,2017,Mumbai Indians,Delhi Daredevils,normal,,,90,,,,60,,,,30,,,,0,Mumbai Indians,146,0,
45,2017,Royal Challengers Bangalore,Kolkata Knight Riders,normal,,,90,,,,60,,,,30,,,,0,Kolkata Knight Riders,0,6,
46,2017,Kings XI Punjab,Gujarat Lions,normal,,,90,,,,60,,,,30,,,,0,Gujarat Lions,0,6,
47,2017,Mumbai Indians,Sunrisers Hyderabad,normal,,,90,,,,60,,,,30,,,,0,Sunrisers Hyderabad,0,7,
48,2017,Kings XI Punjab,Kolkata Knight Riders,normal,,,90,,,,60,,,,30,,,,0,Kings XI Punjab,14,0,
49,2017,Gujarat Lions,Delhi Daredevils,normal,,,90,,,,60,,,,30,,,,0,Delhi Daredevils,0,2,
50,2017,Kings XI Punjab,Mumbai Indians,normal,,,90,,,,60,,,,30,,,,0,Kings XI Punjab,7,0,
51,2017,Delhi Daredevils,Rising Pune Supergiant,normal,,,90,,,,60,,,,30,,,,0,Delhi Daredevils,7,0,
52,2017,Gujarat Lions,Sunrisers Hyderabad,normal,,,90,,,,60,,,,30,,,,0,Sunrisers Hyderabad,0,8,
53,2017,Mumbai Indians,Kolkata Knight Riders,normal,,,90,,,,60,,,,30,,,,0,Mumbai Indians,9,0,
54,2017,Kings XI Punjab,Rising Pune Supergiant,normal,,,90,,,,60,,,,30,,,,0,Rising Pune Supergiant,0,9,
55,2017,Royal Challengers Bangalore,Delhi Daredevils,normal,,,90,,,,60,,,,30,,,,0,Royal Challengers Bangalore,10,0,
56,2017,Rising Pune Supergiant,Mumbai Indians,normal,,,90,,,,60,,,,30,,,,0,Rising Pune Supergiant,20,0,
58,2017,Kolkata Knight Riders,Mumbai Indians,normal,,,90,,,,60,,,,30,,,,0,Mumbai Indians,0,6,
59,2017,Mumbai Indians,Rising Pune Supergiant,normal,,,90,,,,60,,,,30,,,,0,Mumbai Indians,1,0,
60,2008,Kolkata Knight Riders,Royal Challengers Bangalore,normal,,,90,,,,60,,,,30,,,,0,Kolkata Knight Riders,140,0,
61,2008,Chennai Super Kings,Kings XI Punjab,normal,,,90,,,,60,,,,30,,,,0,Chennai Super Kings,33,0,
62,2008,Rajasthan Royals,Delhi Daredevils,normal,,,90,,,,60,,,,30,,,,0,Delhi Daredevils,0,9,
63,2008,Mumbai Indians,Royal Challengers Bangalore,normal,,,90,,,,60,,,,30,,,,0,Royal Challengers Bangalore,0,5,
64,2008,Deccan Chargers,Kolkata Knight Riders,normal,,,90,,,,60,,,,30,,,,0,Kolkata Knight Riders,0,5,
65,2008,Kings XI Punjab,Rajasthan Royals,normal,,,90,,,,60,,,,30,,,,0,Rajasthan Royals,0,6,
66,2008,Deccan Chargers,Delhi Daredevils,normal,,,90,,,,60,,,,30,,,,0,Delhi Daredevils,0,9,
67,2008,Chennai Super Kings,Mumbai Indians,normal,,,90,,,,60,,,,30,,,,0,Chennai Super Kings,6,0,
68,2008,Deccan Chargers,Rajasthan Royals,normal,,,90,,,,60,,,,30,,,,0,Rajasthan Royals,0,3,
69,2008,Kings XI Punjab,Mumbai Indians,normal,,,90,,,,60,,,,30,,,,0,Kings XI Punjab,66,0,
70,2008,Royal Challengers Bangalore,Rajasthan Royals,normal,,,90,,,,60,,,,30,,,,0,Rajasthan Royals,0,7,
71,2008,Kolkata Knight Riders,Chennai Super Kings,normal,,,90,,,,60,,,,30,,,,0,Chennai Super Kings,0,9,
72,2008,Mumbai Indians,Deccan Chargers,normal,,,90,,,,60,,,,30,,,,0,Deccan Chargers,0,10,
73,2008,Delhi Daredevils,Kings XI Punjab,normal,,,90,,,,60,,,,30,,,,0,Kings XI Punjab,0,4,
74,2008,Chennai Super Kings,Royal Challengers Bangalore,normal,,,90,,,,60,,,,30,,,,0,Chennai Super Kings,13,0,
75,2008,Kolkata Knight Riders,Mumbai Indians,normal,,,90,,,,60,,,,30,,,,0,Mumbai Indians,0,7,
76,2008,Delhi Daredevils,Royal Challengers Bangalore,normal,,,90,,,,60,,,,30,,,,0,Delhi Daredevils,10,0,
77,2008,Deccan Chargers,Kings XI Punjab,normal,,,90,,,,60,,,,30,,,,0,Kings XI Punjab,0,7,
78,2008,Rajasthan Royals,Kolkata Knight Riders,normal,,,90,,,,60,,,,30,,,,0,Rajasthan Royals,45,0,
79,2008,Chennai Super Kings,Delhi Daredevils,normal,,,90,,,,60,,,,30,,,,0,Delhi Daredevils,0,8,
80,2008,Deccan Chargers,Royal Challengers Bangalore,normal,,,90,,,,60,,,,30,,,,0,Royal Challengers Bangalore,0,5,
81,2008,Kings XI Punjab,Kolkata Knight Riders,normal,,,90,,,,60,,,,30,,,,0,Kings XI Punjab,9,0,
82,2008,Mumbai Indians,Delhi Daredevils,normal,,,90,,,,60,,,,30,,,,0,Mumbai Indians,29,0,
83,2008,Chennai Super Kings,Rajasthan Royals,normal,,,90,,,,60,,,,30,,,,0,Rajasthan Royals,0,8,
84,2008,Royal Challengers Bangalore,Kings XI Punjab,normal,,,90,,,,60,,,,30,,,,0,Kings XI Punjab,0,6,
85,2008,Chennai Super Kings,Deccan Chargers,normal,,,90,,,,60,,,,30,,,,0,Deccan Chargers,0,7,
86,2008,Rajasthan Royals,Mumbai Indians,normal,,,90,,,,60,,,,30,,,,0,Mumbai Indians,0,7,
87,2008,Delhi Daredevils,Chennai Super Kings,normal,,,90,,,,60,,,,30,,,,0,Chennai Super Kings,0,4,
88,2008,Kolkata Knight Riders,Royal Challengers Bangalore,normal,,,90,,,,60,,,,30,,,,0,Kolkata Knight Riders,5,0,
89,2008,Deccan Chargers,Rajasthan Royals,normal,,,90,,,,60,,,,30,,,,0,Rajasthan Royals,0,8,
90,2008,Royal Challengers Bangalore,Mumbai Indians,normal,,,90,,,,60,,,,30,,,,0,Mumbai Indians,0,9,
91,2008,Chennai Super Kings,Kings XI Punjab,normal,,,90,,,,60,,,,30,,,,0,Chennai Super Kings,18,0,
92,2008,Kolkata Knight Riders,Deccan Chargers,normal,,,90,,,,60,,,,30,,,,0,Kolkata Knight Riders,23,0,
93,2008,Delhi Daredevils,Rajasthan Royals,normal,,,90,,,,60,,,,30,,,,0,Rajasthan Royals,0,3,
94,2008,Royal Challengers Bangalore,Kings XI Punjab,normal,,,90,,,,60,,,,30,,,,0,Kings XI Punjab,0,9,
95,2008,Kolkata Knight Riders,Delhi Daredevils,normal,,,90,,,,60,,,,30,,,,0,Kolkata Knight Riders,23,0,
96,2008,Chennai Super Kings,Mumbai Indians,normal,,,90,,,,60,,,,30,,,,0,Mumbai Indians,0,9,
97,2008,Kings XI Punjab,Rajasthan Royals,normal,,,90,,,,60,,,,30,,,,0,Kings XI Punjab,41,0,
98,2008,Delhi Daredevils,Deccan Chargers,normal,,,90,,,,60,,,,30,,,,0,Delhi Daredevils,12,0,
99,2008,Kolkata Knight Riders,Mumbai Indians,normal,,,90,,,,60,,,,30,,,,0,Mumbai Indians,0,8,
101,2008,Rajasthan Royals,Royal Challengers Bangalore,normal,,,90,,,,60,,,,30,,,,0,Rajasthan Royals,65,0,
102,2008,Mumbai Indians,Deccan Chargers,normal,,,90,,,,60,,,,30,,,,0,Mumbai Indians,25,0,
104,2008,Royal Challengers Bangalore,Delhi Daredevils,normal,,,90,,,,60,,,,30,,,,0,Delhi Daredevils,0,5,
105,2008,Kolkata Knight Riders,Rajasthan Royals,normal,,,90,,,,60,,,,30,,,,0,Rajasthan Royals,0,6,
106,2008,Kings XI Punjab,Mumbai Indians,normal,,,90,,,,60,,,,30,,,,0,Kings XI Punjab,1,0,
107,2008,Royal Challengers Bangalore,Chennai Super Kings,normal,,,90,,,,60,,,,30,,,,0,Royal Challengers Bangalore,14,0,
108,2008,Deccan Chargers,Kings XI Punjab,normal,,,90,,,,60,,,,30,,,,0,Kings XI Punjab,0,6,
109,2008,Mumbai Indians,Delhi Daredevils,normal,,,90,,,,60,,,,30,,,,0,Delhi Daredevils,0,5,
110,2008,Rajasthan Royals,Chennai Super Kings,normal,,,90,,,,60,,,,30,,,,0,Rajasthan Royals,10,0,
111,2008,Royal Challengers Bangalore,Deccan Chargers,normal,,,90,,,,60,,,,30,,,,0,Royal Challengers Bangalore,3,0,
112,2008,Kings XI Punjab,Kolkata Knight Riders,normal,,,90,,,,60,,,,30,,,,0,Kolkata Knight Riders,0,3,
113,2008,Mumbai Indians,Rajasthan Royals,normal,,,90,,,,60,,,,30,,,,0,Rajasthan Royals,0,5,
114,2008,Deccan Chargers,Chennai Super Kings,normal,,,90,,,,60,,,,30,,,,0,Chennai Super Kings,0,7,
115,2008,Rajasthan Royals,Delhi Daredevils,normal,,,90,,,,60,,,,30,,,,0,Rajasthan Royals,105,0,
116,2008,Kings XI Punjab,Chennai Super Kings,normal,,,90,,,,60,,,,30,,,,0,Chennai Super Kings,0,9,
117,2008,Chennai Super Kings,Rajasthan Royals,normal,,,90,,,,60,,,,30,,,,0,Rajasthan Royals,0,3,
118,2009,Mumbai Indians,Chennai Super Kings,normal,,,90,,,,60,,,,30,,,,0,Mumbai Indians,19,0,
119,2009,Royal Challengers Bangalore,Rajasthan Royals,normal,,,90,,,,60,,,,30,,,,0,Royal Challengers Bangalore,75,0,
121,2009,Kolkata Knight Riders,Deccan Chargers,normal,,,90,,,,60,,,,30,,,,0,Deccan Chargers,0,8,
122,2009,Chennai Super Kings,Royal Challengers Bangalore,normal,,,90,,,,60,,,,30,,,,0,Chennai Super Kings,92,0,
124,2009,Deccan Chargers,Royal Challengers Bangalore,normal,,,90,,,,60,,,,30,,,,0,Deccan Chargers,24,0,
125,2009,Delhi Daredevils,Chennai Super Kings,normal,,,90,,,,60,,,,30,,,,0,Delhi Daredevils,9,0,
126,2009,Rajasthan Royals,Kolkata Knight Riders,tie,,,90,,,,60,,,,30,,,,0,Rajasthan Royals,0,0,
127,2009,Royal Challengers Bangalore,Kings XI Punjab,normal,,,90,,,,60,,,,30,,,,0,Kings XI Punjab,0,7,
128,2009,Deccan Chargers,Mumbai Indians,normal,,,90,,,,60,,,,30,,,,0,Deccan Chargers,12,0,
129,2009,Royal Challengers Bangalore,Delhi Daredevils,normal,,,90,,,,60,,,,30,,,,0,Delhi Daredevils,0,6,
130,2009,Kings XI Punjab,Rajasthan Royals,normal,,,90,,,,60,,,,30,,,,0,Kings XI Punjab,27,0,
131,2009,Chennai Super Kings,Deccan Chargers,normal,,,90,,,,60,,,,30,,,,0,Deccan Chargers,0,6,
132,2009,Mumbai Indians,Kolkata Knight Riders,normal,,,90,,,,60,,,,30,,,,0,Mumbai Indians,92,0,
133,2009,Delhi Daredevils,Rajasthan Royals,normal,,,90,,,,60,,,,30,,,,0,Rajasthan Royals,0,5,
134,2009,Kolkata Knight Riders,Royal Challengers Bangalore,normal,,,90,,,,60,,,,30,,,,0,Royal Challengers Bangalore,0,5,
135,2009,Kings XI Punjab,Mumbai Indians,normal,,,90,,,,60,,,,30,,,,0,Kings XI Punjab,3,0,
136,2009,Deccan Chargers,Delhi Daredevils,normal,,,90,,,,60,,,,30,,,,0,Delhi Daredevils,0,6,
137,2009,Chennai Super Kings,Rajasthan Royals,normal,,,90,,,,60,,,,30,,,,0,Chennai Super Kings,38,0,
138,2009,Mumbai Indians,Kolkata Knight Riders,normal,,,90,,,,60,,,,30,,,,0,Mumbai Indians,9,0,
139,2009,Royal Challengers Bangalore,Kings XI Punjab,normal,,,90,,,,60,,,,30,,,,0,Royal Challengers Bangalore,8,0,
140,2009,Deccan Chargers,Rajasthan Royals,normal,,,90,,,,60,,,,30,,,,0,Rajasthan Royals,0,3,
141,2009,Chennai Super Kings,Delhi Daredevils,normal,,,90,,,,60,,,,30,,,,0,Chennai Super Kings,18,0,
142,2009,Kolkata Knight Riders,Kings XI Punjab,normal,,,90,,,,60,,,,30,,,,0,Kings XI Punjab,0,6,
143,2009,Mumbai Indians,Royal Challengers Bangalore,normal,,,90,,,,60,,,,30,,,,0,Royal Challengers Bangalore,0,9,
144,2009,Chennai Super Kings,Deccan Chargers,normal,,,90,,,,60,,,,30,,,,0,Chennai Super Kings,78,0,
145,2009,Rajasthan Royals,Kings XI Punjab,normal,,,90,,,,60,,,,30,,,,0,Rajasthan Royals,78,0,
146,2009,Kolkata Knight Riders,Delhi Daredevils,normal,,,90,,,,60,,,,30,,,,0,Delhi Daredevils,0,9,
147,2009,Deccan Chargers,Mumbai Indians,normal,,,90,,,,60,,,,30,,,,0,Deccan Chargers,19,0,
148,2009,Royal Challengers Bangalore,Rajasthan Royals,normal,,,90,,,,60,,,,30,,,,0,Rajasthan Royals,0,7,
150,2009,Mumbai Indians,Delhi Daredevils,normal,,,90,,,,60,,,,30,,,,0,Delhi Daredevils,0,7,
151,2009,Deccan Chargers,Kings XI Punjab,normal,,,90,,,,60,,,,30,,,,0,Kings XI Punjab,0,3,
152,2009,Rajasthan Royals,Chennai Super Kings,normal,,,90,,,,60,,,,30,,,,0,Chennai Super Kings,0,7,
153,2009,Mumbai Indians,Royal Challengers Bangalore,normal,,,90,,,,60,,,,30,,,,0,Mumbai Indians,16,0,
154,2009,Kolkata Knight Riders,Delhi Daredevils,normal,,,90,,,,60,,,,30,,,,0,Delhi Daredevils,0,7,
155,2009,Deccan Chargers,Rajasthan Royals,normal,,,90,,,,60,,,,30,,,,0,Deccan Chargers,53,0,
156,2009,Kolkata Knight Riders,Royal Challengers Bangalore,normal,,,90,,,,60,,,,30,,,,0,Royal Challengers Bangalore,0,6,
157,2009,Kings XI Punjab,Mumbai Indians,normal,,,90,,,,60,,,,30,,,,0,Mumbai Indians,0,8,
158,2009,Delhi Daredevils,Deccan Chargers,normal,,,90,,,,60,,,,30,,,,0,Delhi Daredevils,12,0,
159,2009,Chennai Super Kings,Royal Challengers Bangalore,normal,,,90,,,,60,,,,30,,,,0,Royal Challengers Bangalore,0,2,
160,2009,Rajasthan Royals,Mumbai Indians,normal,,,90,,,,60,,,,30,,,,0,Rajasthan Royals,2,0,
161,2009,Delhi Daredevils,Kings XI Punjab,normal,,,90,,,,60,,,,30,,,,0,Kings XI Punjab,0,6,
162,2009,Mumbai Indians,Chennai Super Kings,normal,,,90,,,,60,,,,30,,,,0,Chennai Super Kings,0,7,
163,2009,Kolkata Knight Riders,Deccan Chargers,normal,,,90,,,,60,,,,30,,,,0,Deccan Chargers,0,6,
164,2009,Kings XI Punjab,Deccan Chargers,normal,,,90,,,,60,,,,30,,,,0,Kings XI Punjab,1,0,
165,2009,Delhi Daredevils,Rajasthan Royals,normal,,,90,,,,60,,,,30,,,,0,Delhi Daredevils,14,0,
166,2009,Chennai Super Kings,Kolkata Knight Riders,normal,,,90,,,,60,,,,30,,,,0,Kolkata Knight Riders,0,7,
167,2009,Delhi Daredevils,Royal Challengers Bangalore,normal,,,90,,,,60,,,,30,,,,0,Royal Challengers Bangalore,0,7,
168,2009,Rajasthan Royals,Kolkata Knight Riders,normal,,,90,,,,60,,,,30,,,,0,Kolkata Knight Riders,0,4,
169,2009,Chennai Super Kings,Kings XI Punjab,normal,,,90,,,,60,,,,30,,,,0,Chennai Super Kings,24,0,
170,2009,Mumbai Indians,Delhi Daredevils,normal,,,90,,,,60,,,,30,,,,0,Delhi Daredevils,0,4,
171,2009,Royal Challengers Bangalore,Deccan Chargers,normal,,,90,,,,60,,,,30,,,,0,Royal Challengers Bangalore,12,0,
172,2009,Delhi Daredevils,Deccan Chargers,normal,,,90,,,,60,,,,30,,,,0,Deccan Chargers,0,6,
173,2009,Chennai Super Kings,Royal Challengers Bangalore,normal,,,90,,,,60,,,,30,,,,0,Royal Challengers Bangalore,0,6,
174,2009,Deccan Chargers,Royal Challengers Bangalore,normal,,,90,,,,60,,,,30,,,,0,Deccan Chargers,6,0,
175,2010,Kolkata Knight Riders,Deccan Chargers,normal,,,90,,,,60,,,,30,,,,0,Kolkata Knight Riders,11,0,
176,2010,Mumbai Indians,Rajasthan Royals,normal,,,90,,,,60,,,,30,,,,0,Mumbai Indians,4,0,
177,2010,Kings XI Punjab,Delhi Daredevils,normal,,,90,,,,60,,,,30,,,,0,Delhi Daredevils,0,5,
178,2010,Royal Challengers Bangalore,Kolkata Knight Riders,normal,,,90,,,,60,,,,30,,,,0,Kolkata Knight Riders,0,7,
179,2010,Deccan Chargers,Chennai Super Kings,normal,,,90,,,,60,,,,30,,,,0,Deccan Chargers,31,0,
180,2010,Rajasthan Royals,Delhi Daredevils,normal,,,90,,,,60,,,,30,,,,0,Delhi Daredevils,0,6,
181,2010,Kings XI Punjab,Royal Challengers Bangalore,normal,,,90,,,,60,,,,30,,,,0,Royal Challengers Bangalore,0,8,
182,2010,Chennai Super Kings,Kolkata Knight Riders,normal,,,90,,,,60,,,,30,,,,0,Chennai Super Kings,55,0,
183,2010,Mumbai Indians,Delhi Daredevils,normal,,,90,,,,60,,,,30,,,,0,Mumbai Indians,98,0,
184,2010,Rajasthan Royals,Royal Challengers Bangalore,normal,,,90,,,,60,,,,30,,,,0,Royal Challengers Bangalore,0,10,
185,2010,Delhi Daredevils,Chennai Super Kings,normal,,,90,,,,60,,,,30,,,,0,Chennai Super Kings,0,5,
186,2010,Deccan Chargers,Kings XI Punjab,normal,,,90,,,,60,,,,30,,,,0,Deccan Chargers,6,0,
187,2010,Rajasthan Royals,Kolkata Knight Riders,normal,,,90,,,,60,,,,30,,,,0,Rajasthan Royals,34,0,
188,2010,Mumbai Indians,Royal Challengers Bangalore,normal,,,90,,,,60,,,,30,,,,0,Royal Challengers Bangalore,0,7,
189,2010,Deccan Chargers,Delhi Daredevils,normal,,,90,,,,60,,,,30,,,,0,Deccan Chargers,10,0,
190,2010,Kings XI Punjab,Chennai Super Kings,tie,,,90,,,,60,,,,30,,,,0,Kings XI Punjab,0,0,
191,2010,Kolkata Knight Riders,Mumbai Indians,normal,,,90,,,,60,,,,30,,,,0,Mumbai Indians,0,7,
192,2010,Royal Challengers Bangalore,Chennai Super Kings,normal,,,90,,,,60,,,,30,,,,0,Royal Challengers Bangalore,36,0,
193,2010,Rajasthan Royals,Kings XI Punjab,normal,,,90,,,,60,,,,30,,,,0,Rajasthan Royals,31,0,
194,2010,Chennai Super Kings,Mumbai Indians,normal,,,90,,,,60,,,,30,,,,0,Mumbai Indians,0,5,
195,2010,Deccan Chargers,Rajasthan Royals,normal,,,90,,,,60,,,,30,,,,0,Rajasthan Royals,0,8,
196,2010,Kolkata Knight Riders,Kings XI Punjab,normal,,,90,,,,60,,,,30,,,,0,Kolkata Knight Riders,39,0,
197,2010,Delhi Daredevils,Royal Challengers Bangalore,normal,,,90,,,,60,,,,30,,,,0,Delhi Daredevils,17,0,
198,2010,Rajasthan Royals,Chennai Super Kings,normal,,,90,,,,60,,,,30,,,,0,Rajasthan Royals,17,0,
199,2010,Mumbai Indians,Deccan Chargers,normal,,,90,,,,60,,,,30,,,,0,Mumbai Indians,41,0,
200,2010,Delhi Daredevils,Kolkata Knight Riders,normal,,,90,,,,60,,,,30,,,,0,Delhi Daredevils,40,0,
201,2010,Kings XI Punjab,Mumbai Indians,normal,,,90,,,,60,,,,30,,,,0,Mumbai Indians,0,4,
202,2010,Royal Challengers Bangalore,Chennai Super Kings,normal,,,90,,,,60,,,,30,,,,0,Chennai Super Kings,0,5,
203,2010,Delhi Daredevils,Rajasthan Royals,normal,,,90,,,,60,,,,30,,,,0,Delhi Daredevils,67,0,
204,2010,Kolkata Knight Riders,Deccan Chargers,normal,,,90,,,,60,,,,30,,,,0,Kolkata Knight Riders,24,0,
205,2010,Kings XI Punjab,Royal Challengers Bangalore,normal,,,90,,,,60,,,,30,,,,0,Royal Challengers Bangalore,0,6,
206,2010,Chennai Super Kings,Rajasthan Royals,normal,,,90,,,,60,,,,30,,,,0,Chennai Super Kings,23,0,
207,2010,Mumbai Indians,Deccan Chargers,normal,,,90,,,,60,,,,30,,,,0,Mumbai Indians,63,0,
208,2010,Kolkata Knight Riders,Kings XI Punjab,normal,,,90,,,,60,,,,30,,,,0,Kings XI Punjab,0,8,
209,2010,Delhi Daredevils,Royal Challengers Bangalore,normal,,,90,,,,60,,,,30,,,,0,Delhi Daredevils,37,0,
210,2010,Rajasthan Royals,Deccan Chargers,normal,,,90,,,,60,,,,30,,,,0,Rajasthan Royals,2,0,
211,2010,Chennai Super Kings,Mumbai Indians,normal,,,90,,,,60,,,,30,,,,0,Chennai Super Kings,24,0,
212,2010,Kings XI Punjab,Rajasthan Royals,normal,,,90,,,,60,,,,30,,,,0,Rajasthan Royals,0,9,
213,2010,Kolkata Knight Riders,Delhi Daredevils,normal,,,90,,,,60,,,,30,,,,0,Kolkata Knight Riders,14,0,
214,2010,Royal Challengers Bangalore,Deccan Chargers,normal,,,90,,,,60,,,,30,,,,0,Deccan Chargers,0,7,
215,2010,Mumbai Indians,Kings XI Punjab,normal,,,90,,,,60,,,,30,,,,0,Kings XI Punjab,0,6,
216,2010,Chennai Super Kings,Deccan Chargers,normal,,,90,,,,60,,,,30,,,,0,Deccan Chargers,0,6,
217,2010,Kolkata Knight Riders,Royal Challengers Bangalore,normal,,,90,,,,60,,,,30,,,,0,Royal Challengers Bangalore,0,7,
218,2010,Delhi Daredevils,Kings XI Punjab,normal,,,90,,,,60,,,,30,,,,0,Kings XI Punjab,0,7,
219,2010,Mumbai Indians,Rajasthan Royals,normal,,,90,,,,60,,,,30,,,,0,Mumbai Indians,37,0,
220,2010,Deccan Chargers,Royal Challengers Bangalore,normal,,,90,,,,60,,,,30,,,,0,Deccan Chargers,13,0,
221,2010,Mumbai Indians,Delhi Daredevils,normal,,,90,,,,60,,,,30,,,,0,Mumbai Indians,39,0,
222,2010,Kolkata Knight Riders,Chennai Super Kings,normal,,,90,,,,60,,,,30,,,,0,Chennai Super Kings,0,9,
223,2010,Rajasthan Royals,Royal Challengers Bangalore,normal,,,90,,,,60,,,,30,,,,0,Royal Challengers Bangalore,0,5,
224,2010,Chennai Super Kings,Delhi Daredevils,normal,,,90,,,,60,,,,30,,,,0,Delhi Daredevils,0,6,
225,2010,Kings XI Punjab,Deccan Chargers,normal,,,90,,,,60,,,,30,,,,0,Deccan Chargers,0,5,
226,2010,Mumbai Indians,Royal Challengers Bangalore,normal,,,90,,,,60,,,,30,,,,0,Mumbai Indians,57,0,
227,2010,Rajasthan Royals,Kolkata Knight Riders,normal,,,90,,,,60,,,,30,,,,0,Kolkata Knight Riders,0,8,
228,2010,Kings XI Punjab,Chennai Super Kings,normal,,,90,,,,60,,,,30,,,,0,Chennai Super Kings,0,6,
229,2010,Deccan Chargers,Delhi Daredevils,normal,,,90,,,,60,,,,30,,,,0,Deccan Chargers,11,0,
230,2010,Mumbai Indians,Kolkata Knight Riders,normal,,,90,,,,60,,,,30,,,,0,Kolkata Knight Riders,0,9,
231,2010,Mumbai Indians,Royal Challengers Bangalore,normal,,,90,,,,60,,,,30,,,,0,Mumbai Indians,35,0,
232,2010,Chennai Super Kings,Deccan Chargers,normal,,,90,,,,60,,,,30,,,,0,Chennai Super Kings,38,0,
233,2010,Deccan Chargers,Royal Challengers Bangalore,normal,,,90,,,,60,,,,30,,,,0,Royal Challengers Bangalore,0,9,
234,2010,Chennai Super Kings,Mumbai Indians,normal,,,90,,,,60,,,,30,,,,0,Chennai Super Kings,22,0,
235,2011,Chennai Super Kings,Kolkata Knight Riders,normal,,,90,,,,60,,,,30,,,,0,Chennai Super Kings,2,0,
236,2011,Deccan Chargers,Rajasthan Royals,normal,,,90,,,,60,,,,30,,,,0,Rajasthan Royals,0,8,
237,2011,Kochi Tuskers Kerala,Royal Challengers Bangalore,normal,,,90,,,,60,,,,30,,,,0,Royal Challengers Bangalore,0,6,
238,2011,Delhi Daredevils,Mumbai Indians,normal,,,90,,,,60,,,,30,,,,0,Mumbai Indians,0,8,
239,2011,Kings XI Punjab,Pune Warriors,normal,,,90,,,,60,,,,30,,,,0,Pune Warriors,0,7,
240,2011,Kolkata Knight Riders,Deccan Chargers,normal,,,90,,,,60,,,,30,,,,0,Kolkata Knight Riders,9,0,
241,2011,Delhi Daredevils,Rajasthan Royals,normal,,,90,,,,60,,,,30,,,,0,Rajasthan Royals,0,6,
242,2011,Royal Challengers Bangalore,Mumbai Indians,normal,,,90,,,,60,,,,30,,,,0,Mumbai Indians,0,9,
243,2011,Chennai Super Kings,Kings XI Punjab,normal,,,90,,,,60,,,,30,,,,0,Kings XI Punjab,0,6,
244,2011,Kochi Tuskers Kerala,Pune Warriors,normal,,,90,,,,60,,,,30,,,,0,Pune Warriors,0,4,
245,2011,Deccan Chargers,Royal Challengers Bangalore,normal,,,90,,,,60,,,,30,,,,0,Deccan Chargers,33,0,
246,2011,Rajasthan Royals,Kolkata Knight Riders,normal,,,90,,,,60,,,,30,,,,0,Kolkata Knight Riders,0,9,
247,2011,Mumbai Indians,Kochi Tuskers Kerala,normal,,,90,,,,60,,,,30,,,,0,Kochi Tuskers Kerala,0,8,
248,2011,Chennai Super Kings,Royal Challengers Bangalore,normal,,,90,,,,60,,,,30,,,,0,Chennai Super Kings,21,0,
249,2011,Deccan Chargers,Kings XI Punjab,normal,,,90,,,,60,,,,30,,,,0,Kings XI Punjab,0,8,
250,2011,Pune Warriors,Delhi Daredevils,normal,,,90,,,,60,,,,30,,,,0,Delhi Daredevils,0,3,
251,2011,Rajasthan Royals,Kolkata Knight Riders,normal,,,90,,,,60,,,,30,,,,0,Kolkata Knight Riders,0,8,
253,2011,Deccan Chargers,Delhi Daredevils,normal,,,90,,,,60,,,,30,,,,0,Deccan Chargers,16,0,
254,2011,Pune Warriors,Mumbai Indians,normal,,,90,,,,60,,,,30,,,,0,Mumbai Indians,0,7,
255,2011,Kochi Tuskers Kerala,Kolkata Knight Riders,normal,,,90,,,,60,,,,30,,,,0,Kochi Tuskers Kerala,6,0,
256,2011,Kings XI Punjab,Rajasthan Royals,normal,,,90,,,,60,,,,30,,,,0,Kings XI Punjab,48,0,
257,2011,Mumbai Indians,Chennai Super Kings,normal,,,90,,,,60,,,,30,,,,0,Mumbai Indians,8,0,
258,2011,Kolkata Knight Riders,Royal Challengers Bangalore,normal,,,90,,,,60,,,,30,,,,0,Royal Challengers Bangalore,0,9,
259,2011,Delhi Daredevils,Kings XI Punjab,normal,,,90,,,,60,,,,30,,,,0,Delhi Daredevils,29,0,
260,2011,Mumbai Indians,Deccan Chargers,normal,,,90,,,,60,,,,30,,,,0,Mumbai Indians,37,0,
261,2011,Kochi Tuskers Kerala,Rajasthan Royals,normal,,,90,,,,60,,,,30,,,,0,Rajasthan Royals,0,8,
262,2011,Chennai Super Kings,Pune Warriors,normal,,,90,,,,60,,,,30,,,,0,Chennai Super Kings,25,0,
263,2011,Delhi Daredevils,Royal Challengers Bangalore,normal,,,90,,,,60,,,,30,,,,0,Royal Challengers Bangalore,0,3,
264,2011,Pune Warriors,Chennai Super Kings,normal,,,90,,,,60,,,,30,,,,0,Chennai Super Kings,0,8,
265,2011,Deccan Chargers,Kochi Tuskers Kerala,normal,,,90,,,,60,,,,30,,,,0,Deccan Chargers,55,0,
266,2011,Kolkata Knight Riders,Delhi Daredevils,normal,,,90,,,,60,,,,30,,,,0,Kolkata Knight Riders,17,0,
267,2011,Mumbai Indians,Rajasthan Royals,normal,,,90,,,,60,,,,30,,,,0,Rajasthan Royals,0,7,
268,2011,Royal Challengers Bangalore,Pune Warriors,normal,,,90,,,,60,,,,30,,,,0,Royal Challengers Bangalore,26,0,
269,2011,Delhi Daredevils,Kochi Tuskers Kerala,normal,,,90,,,,60,,,,30,,,,0,Delhi Daredevils,38,0,
270,2011,Kings XI Punjab,Kolkata Knight Riders,normal,,,90,,,,60,,,,30,,,,0,Kolkata Knight Riders,0,8,
271,2011,Pune Warriors,Rajasthan Royals,normal,,,90,,,,60,,,,30,,,,0,Rajasthan Royals,0,6,
272,2011,Chennai Super Kings,Deccan Chargers,normal,,,90,,,,60,,,,30,,,,0,Chennai Super Kings,19,0,
273,2011,Mumbai Indians,Kings XI Punjab,normal,,,90,,,,60,,,,30,,,,0,Mumbai Indians,23,0,
274,2011,Delhi Daredevils,Kochi Tuskers Kerala,normal,,,90,,,,60,,,,30,,,,0,Kochi Tuskers Kerala,0,7,
275,2011,Kolkata Knight Riders,Deccan Chargers,normal,,,90,,,,60,,,,30,,,,0,Kolkata Knight Riders,20,0,
276,2011,Rajasthan Royals,Chennai Super Kings,normal,,,90,,,,60,,,,30,,,,0,Chennai Super Kings,0,8,
277,2011,Mumbai Indians,Pune Warriors,normal,,,90,,,,60,,,,30,,,,0,Mumbai Indians,21,0,
278,2011,Kochi Tuskers Kerala,Kolkata Knight Riders,normal,,,90,,,,60,,,,30,,,,0,Kochi Tuskers Kerala,17,0,
279,2011,Deccan Chargers,Delhi Daredevils,normal,,,90,,,,60,,,,30,,,,0,Delhi Daredevils,0,4,
280,2011,Royal Challengers Bangalore,Kings XI Punjab,normal,,,90,,,,60,,,,30,,,,0,Royal Challengers Bangalore,85,0,
282,2011,Mumbai Indians,Delhi Daredevils,normal,,,90,,,,60,,,,30,,,,0,Mumbai Indians,32,0,
283,2011,Kochi Tuskers Kerala,Royal Challengers Bangalore,normal,,,90,,,,60,,,,30,,,,0,Royal Challengers Bangalore,0,9,
284,2011,Kings XI Punjab,Pune Warriors,normal,,,90,,,,60,,,,30,,,,0,Pune Warriors,0,5,
285,2011,Chennai Super Kings,Rajasthan Royals,normal,,,90,,,,60,,,,30,,,,0,Chennai Super Kings,63,0,
286,2011,Deccan Chargers,Pune Warriors,normal,,,90,,,,60,,,,30,,,,0,Pune Warriors,0,6,
287,2011,Kings XI Punjab,Mumbai Indians,normal,,,90,,,,60,,,,30,,,,0,Kings XI Punjab,76,0,
288,2011,Rajasthan Royals,Royal Challengers Bangalore,normal,,,90,,,,60,,,,30,,,,0,Royal Challengers Bangalore,0,9,
289,2011,Chennai Super Kings,Delhi Daredevils,normal,,,90,,,,60,,,,30,,,,0,Chennai Super Kings,18,0,
290,2011,Kochi Tuskers Kerala,Kings XI Punjab,normal,,,90,,,,60,,,,30,,,,0,Kings XI Punjab,0,6,
292,2011,Deccan Chargers,Mumbai Indians,normal,,,90,,,,60,,,,30,,,,0,Deccan Chargers,10,0,
293,2011,Kings XI Punjab,Delhi Daredevils,normal,,,90,,,,60,,,,30,,,,0,Kings XI Punjab,29,0,
294,2011,Rajasthan Royals,Kochi Tuskers Kerala,normal,,,90,,,,60,,,,30,,,,0,Kochi Tuskers Kerala,0,8,
295,2011,Pune Warriors,Deccan Chargers,normal,,,90,,,,60,,,,30,,,,0,Deccan Chargers,0,6,
296,2011,Kings XI Punjab,Royal Challengers Bangalore,normal,,,90,,,,60,,,,30,,,,0,Kings XI Punjab,111,0,
297,2011,Chennai Super Kings,Kochi Tuskers Kerala,normal,,,90,,,,60,,,,30,,,,0,Chennai Super Kings,11,0,
298,2011,Pune Warriors,Kolkata Knight Riders,normal,,,90,,,,60,,,,30,,,,0,Kolkata Knight Riders,0,7,
299,2011,Mumbai Indians,Rajasthan Royals,normal,,,90,,,,60,,,,30,,,,0,Rajasthan Royals,0,10,
300,2011,Deccan Chargers,Kings XI Punjab,normal,,,90,,,,60,,,,30,,,,0,Deccan Chargers,82,0,
301,2011,Delhi Daredevils,Pune Warriors,no result,,,90,,,,60,,,,30,,,,0,,0,0,
302,2011,Chennai Super Kings,Royal Challengers Bangalore,normal,,,90,,,,60,,,,30,,,,0,Royal Challengers Bangalore,0,8,
303,2011,Kolkata Knight Riders,Mumbai Indians,normal,,,90,,,,60,,,,30,,,,0,Mumbai Indians,0,5,
304,2011,Royal Challengers Bangalore,Chennai Super Kings,normal,,,90,,,,60,,,,30,,,,0,Chennai Super Kings,0,6,
305,2011,Kolkata Knight Riders,Mumbai Indians,normal,,,90,,,,60,,,,30,,,,0,Mumbai Indians,0,4,
306,2011,Royal Challengers Bangalore,Mumbai Indians,normal,,,90,,,,60,,,,30,,,,0,Royal Challengers Bangalore,43,0,
307,2011,Chennai Super Kings,Royal Challengers Bangalore,normal,,,90,,,,60,,,,30,,,,0,Chennai Super Kings,58,0,
308,2012,Chennai Super Kings,Mumbai Indians,normal,,,90,,,,60,,,,30,,,,0,Mumbai Indians,0,8,
309,2012,Kolkata Knight Riders,Delhi Daredevils,normal,,,90,,,,60,,,,30,,,,0,Delhi Daredevils,0,8,
310,2012,Pune Warriors,Mumbai Indians,normal,,,90,,,,60,,,,30,,,,0,Pune Warriors,28,0,
311,2012,Rajasthan Royals,Kings XI Punjab,normal,,,90,,,,60,,,,30,,,,0,Rajasthan Royals,31,0,
312,2012,Royal Challengers Bangalore,Delhi Daredevils,normal,,,90,,,,60,,,,30,,,,0,Royal Challengers Bangalore,20,0,
313,2012,Chennai Super Kings,Deccan Chargers,normal,,,90,,,,60,,,,30,,,,0,Chennai Super Kings,74,0,
314,2012,Rajasthan Royals,Kolkata Knight Riders,normal,,,90,,,,60,,,,30,,,,0,Rajasthan Royals,22,0,
315,2012,Pune Warriors,Kings XI Punjab,normal,,,90,,,,60,,,,30,,,,0,Pune Warriors,22,0,
316,2012,Deccan Chargers,Mumbai Indians,normal,,,90,,,,60,,,,30,,,,0,Mumbai Indians,0,5,
317,2012,Kolkata Knight Riders,Royal Challengers Bangalore,normal,,,90,,,,60,,,,30,,,,0,Kolkata Knight Riders,42,0,
318,2012,Chennai Super Kings,Delhi Daredevils,normal,,,90,,,,60,,,,30,,,,0,Delhi Daredevils,0,8,
319,2012,Mumbai Indians,Rajasthan Royals,normal,,,90,,,,60,,,,30,,,,0,Mumbai Indians,27,0,
320,2012,Royal Challengers Bangalore,Chennai Super Kings,normal,,,90,,,,60,,,,30,,,,0,Chennai Super Kings,0,5,
321,2012,Pune Warriors,Kings XI Punjab,normal,,,90,,,,60,,,,30,,,,0,Kings XI Punjab,0,7,
322,2012,Rajasthan Royals,Kolkata Knight Riders,normal,,,90,,,,60,,,,30,,,,0,Kolkata Knight Riders,0,5,
323,2012,Deccan Chargers,Delhi Daredevils,normal,,,90,,,,60,,,,30,,,,0,Delhi Daredevils,0,5,
324,2012,Chennai Super Kings,Pune Warriors,normal,,,90,,,,60,,,,30,,,,0,Pune Warriors,0,7,
325,2012,Kings XI Punjab,Kolkata Knight Riders,normal,,,90,,,,60,,,,30,,,,0,Kings XI Punjab,2,0,
326,2012,Rajasthan Royals,Royal Challengers Bangalore,normal,,,90,,,,60,,,,30,,,,0,Rajasthan Royals,59,0,
327,2012,Mumbai Indians,Delhi Daredevils,normal,,,90,,,,60,,,,30,,,,0,Delhi Daredevils,0,7,
328,2012,Deccan Chargers,Rajasthan Royals,normal,,,90,,,,60,,,,30,,,,0,Rajasthan Royals,0,5,
329,2012,Pune Warriors,Royal Challengers Bangalore,normal,,,90,,,,60,,,,30,,,,0,Royal Challengers Bangalore,0,6,
330,2012,Kings XI Punjab,Kolkata Knight Riders,normal,,,90,,,,60,,,,30,,,,0,Kolkata Knight Riders,0,8,
331,2012,Deccan Chargers,Delhi Daredevils,normal,,,90,,,,60,,,,30,,,,0,Delhi Daredevils,0,9,
332,2012,Chennai Super Kings,Pune Warriors,normal,,,90,,,,60,,,,30,,,,0,Chennai Super Kings,13,0,
333,2012,Kings XI Punjab,Royal Challengers Bangalore,normal,,,90,,,,60,,,,30,,,,0,Royal Challengers Bangalore,0,5,
334,2012,Rajasthan Royals,Chennai Super Kings,normal,,,90,,,,60,,,,30,,,,0,Chennai Super Kings,0,7,
335,2012,Pune Warriors,Delhi Daredevils,normal,,,90,,,,60,,,,30,,,,0,Pune Warriors,20,0,
336,2012,Mumbai Indians,Kings XI Punjab,normal,,,90,,,,60,,,,30,,,,0,Kings XI Punjab,0,6,
337,2012,Deccan Chargers,Kolkata Knight Riders,normal,,,90,,,,60,,,,30,,,,0,Kolkata Knight Riders,0,5,
338,2012,Royal Challengers Bangalore,Rajasthan Royals,normal,,,90,,,,60,,,,30,,,,0,Royal Challengers Bangalore,46,0,
339,2012,Pune Warriors,Delhi Daredevils,normal,,,90,,,,60,,,,30,,,,0,Delhi Daredevils,0,8,
340,2012,Kings XI Punjab,Mumbai Indians,normal,,,90,,,,60,,,,30,,,,0,Mumbai Indians,0,4,
341,2012,Deccan Chargers,Pune Warriors,normal,,,90,,,,60,,,,30,,,,0,Deccan Chargers,18,0,
342,2012,Delhi Daredevils,Mumbai Indians,normal,,,90,,,,60,,,,30,,,,0,Delhi Daredevils,37,0,
343,2012,Kings XI Punjab,Chennai Super Kings,normal,,,90,,,,60,,,,30,,,,0,Kings XI Punjab,7,0,
344,2012,Kolkata Knight Riders,Royal Challengers Bangalore,normal,,,90,,,,60,,,,30,,,,0,Kolkata Knight Riders,47,0,
345,2012,Delhi Daredevils,Rajasthan Royals,normal,,,90,,,,60,,,,30,,,,0,Delhi Daredevils,1,0,
346,2012,Deccan Chargers,Mumbai Indians,normal,,,90,,,,60,,,,30,,,,0,Mumbai Indians,0,5,
347,2012,Chennai Super Kings,Kolkata Knight Riders,normal,,,90,,,,60,,,,30,,,,0,Kolkata Knight Riders,0,5,
348,2012,Deccan Chargers,Pune Warriors,normal,,,90,,,,60,,,,30,,,,0,Deccan Chargers,13,0,
349,2012,Rajasthan Royals,Delhi Daredevils,normal,,,90,,,,60,,,,30,,,,0,Delhi Daredevils,0,6,
350,2012,Royal Challengers Bangalore,Kings XI Punjab,normal,,,90,,,,60,,,,30,,,,0,Kings XI Punjab,0,4,
351,2012,Mumbai Indians,Pune Warriors,normal,,,90,,,,60,,,,30,,,,0,Mumbai Indians,1,0,
352,2012,Chennai Super Kings,Deccan Chargers,normal,,,90,,,,60,,,,30,,,,0,Chennai Super Kings,10,0,
353,2012,Kolkata Knight Riders,Pune Warriors,normal,,,90,,,,60,,,,30,,,,0,Kolkata Knight Riders,7,0,
354,2012,Rajasthan Royals,Kings XI Punjab,normal,,,90,,,,60,,,,30,,,,0,Rajasthan Royals,43,0,
355,2012,Chennai Super Kings,Mumbai Indians,normal,,,90,,,,60,,,,30,,,,0,Mumbai Indians,0,2,
356,2012,Deccan Chargers,Royal Challengers Bangalore,normal,,,90,,,,60,,,,30,,,,0,Royal Challengers Bangalore,0,5,
357,2012,Delhi Daredevils,Kolkata Knight Riders,normal,,,90,,,,60,,,,30,,,,0,Kolkata Knight Riders,0,6,
358,2012,Pune Warriors,Rajasthan Royals,normal,,,90,,,,60,,,,30,,,,0,Rajasthan Royals,0,7,
359,2012,Kings XI Punjab,Deccan Chargers,normal,,,90,,,,60,,,,30,,,,0,Kings XI Punjab,25,0,
360,2012,Mumbai Indians,Royal Challengers Bangalore,normal,,,90,,,,60,,,,30,,,,0,Royal Challengers Bangalore,0,9,
361,2012,Rajasthan Royals,Chennai Super Kings,normal,,,90,,,,60,,,,30,,,,0,Chennai Super Kings,0,4,
362,2012,Royal Challengers Bangalore,Pune Warriors,normal,,,90,,,,60,,,,30,,,,0,Royal Challengers Bangalore,35,0,
363,2012,Mumbai Indians,Kolkata Knight Riders,normal,,,90,,,,60,,,,30,,,,0,Mumbai Indians,27,0,
364,2012,Delhi Daredevils,Chennai Super Kings,normal,,,90,,,,60,,,,30,,,,0,Chennai Super Kings,0,9,
365,2012,Rajasthan Royals,Pune Warriors,normal,,,90,,,,60,,,,30,,,,0,Rajasthan Royals,45,0,
366,2012,Deccan Chargers,Kings XI Punjab,normal,,,90,,,,60,,,,30,,,,0,Kings XI Punjab,0,4,
367,2012,Royal Challengers Bangalore,Mumbai Indians,normal,,,90,,,,60,,,,30,,,,0,Mumbai Indians,0,5,
368,2012,Kolkata Knight Riders,Chennai Super Kings,normal,,,90,,,,60,,,,30,,,,0,Chennai Super Kings,0,5,
369,2012,Kings XI Punjab,Delhi Daredevils,normal,,,90,,,,60,,,,30,,,,0,Delhi Daredevils,0,5,
370,2012,Kolkata Knight Riders,Mumbai Indians,normal,,,90,,,,60,,,,30,,,,0,Kolkata Knight Riders,32,0,
371,2012,Chennai Super Kings,Kings XI Punjab,normal,,,90,,,,60,,,,30,,,,0,Kings XI Punjab,0,6,
372,2012,Royal Challengers Bangalore,Delhi Daredevils,normal,,,90,,,,60,,,,30,,,,0,Royal Challengers Bangalore,21,0,
373,2012,Rajasthan Royals,Deccan Chargers,normal,,,90,,,,60,,,,30,,,,0,Deccan Chargers,0,5,
374,2012,Kings XI Punjab,Delhi Daredevils,normal,,,90,,,,60,,,,30,,,,0,Delhi Daredevils,0,6,
375,2012,Kolkata Knight Riders,Pune Warriors,normal,,,90,,,,60,,,,30,,,,0,Kolkata Knight Riders,34,0,
376,2012,Deccan Chargers,Royal Challengers Bangalore,normal,,,90,,,,60,,,,30,,,,0,Deccan Chargers,9,0,
377,2012,Rajasthan Royals,Mumbai Indians,normal,,,90,,,,60,,,,30,,,,0,Mumbai Indians,0,10,
378,2012,Kolkata Knight Riders,Delhi Daredevils,normal,,,90,,,,60,,,,30,,,,0,Kolkata Knight Riders,18,0,
379,2012,Chennai Super Kings,Mumbai Indians,normal,,,90,,,,60,,,,30,,,,0,Chennai Super Kings,38,0,
380,2012,Chennai Super Kings,Delhi Daredevils,normal,,,90,,,,60,,,,30,,,,0,Chennai Super Kings,86,0,
381,2012,Chennai Super Kings,Kolkata Knight Riders,normal,,,90,,,,60,,,,30,,,,0,Kolkata Knight Riders,0,5,
382,2013,Delhi Daredevils,Kolkata Knight Riders,normal,,,90,,,,60,,,,30,,,,0,Kolkata Knight Riders,0,6,
383,2013,Royal Challengers Bangalore,Mumbai Indians,normal,,,90,,,,60,,,,30,,,,0,Royal Challengers Bangalore,2,0,
384,2013,Sunrisers Hyderabad,Pune Warriors,normal,,,90,,,,60,,,,30,,,,0,Sunrisers Hyderabad,22,0,
385,2013,Rajasthan Royals,Delhi Daredevils,normal,,,90,,,,60,,,,30,,,,0,Rajasthan Royals,5,0,
386,2013,Mumbai Indians,Chennai Super Kings,normal,,,90,,,,60,,,,30,,,,0,Mumbai Indians,9,0,
387,2013,Pune Warriors,Kings XI Punjab,normal,,,90,,,,60,,,,30,,,,0,Kings XI Punjab,0,8,
388,2013,Royal Challengers Bangalore,Sunrisers Hyderabad,tie,,,90,,,,60,,,,30,,,,0,Sunrisers Hyderabad,0,0,
389,2013,Rajasthan Royals,Kolkata Knight Riders,normal,,,90,,,,60,,,,30,,,,0,Rajasthan Royals,19,0,
390,2013,Mumbai Indians,Delhi Daredevils,normal,,,90,,,,60,,,,30,,,,0,Mumbai Indians,44,0,
391,2013,Kings XI Punjab,Chennai Super Kings,normal,,,90,,,,60,,,,30,,,,0,Chennai Super Kings,0,10,
392,2013,Kolkata Knight Riders,Royal Challengers Bangalore,normal,,,90,,,,60,,,,30,,,,0,Royal Challengers Bangalore,0,8,
393,2013,Rajasthan Royals,Pune Warriors,normal,,,90,,,,60,,,,30,,,,0,Pune Warriors,0,7,
394,2013,Delhi Daredevils,Sunrisers Hyderabad,normal,,,90,,,,60,,,,30,,,,0,Sunrisers Hyderabad,0,3,
395,2013,Mumbai Indians,Pune Warriors,normal,,,90,,,,60,,,,30,,,,0,Mumbai Indians,41,0,
396,2013,Royal Challengers Bangalore,Chennai Super Kings,normal,,,90,,,,60,,,,30,,,,0,Chennai Super Kings,0,4,
397,2013,Kolkata Knight Riders,Sunrisers Hyderabad,normal,,,90,,,,60,,,,30,,,,0,Kolkata Knight Riders,48,0,
398,2013,Kings XI Punjab,Rajasthan Royals,normal,,,90,,,,60,,,,30,,,,0,Rajasthan Royals,0,6,
399,2013,Pune Warriors,Chennai Super Kings,normal,,,90,,,,60,,,,30,,,,0,Pune Warriors,24,0,
400,2013,Kings XI Punjab,Kolkata Knight Riders,normal,,,90,,,,60,,,,30,,,,0,Kings XI Punjab,4,0,
401,2013,Delhi Daredevils,Royal Challengers Bangalore,tie,,,90,,,,60,,,,30,,,,0,Royal Challengers Bangalore,0,0,
402,2013,Sunrisers Hyderabad,Pune Warriors,normal,,,90,,,,60,,,,30,,,,0,Sunrisers Hyderabad,11,0,
403,2013,Rajasthan Royals,Mumbai Indians,normal,,,90,,,,60,,,,30,,,,0,Rajasthan Royals,87,0,
404,2013,Chennai Super Kings,Delhi Daredevils,normal,,,90,,,,60,,,,30,,,,0,Chennai Super Kings,86,0,
405,2013,Kings XI Punjab,Sunrisers Hyderabad,normal,,,90,,,,60,,,,30,,,,0,Sunrisers Hyderabad,0,5,
406,2013,Kolkata Knight Riders,Chennai Super Kings,normal,,,90,,,,60,,,,30,,,,0,Chennai Super Kings,0,4,
407,2013,Rajasthan Royals,Royal Challengers Bangalore,normal,,,90,,,,60,,,,30,,,,0,Royal Challengers Bangalore,0,7,
408,2013,Mumbai Indians,Delhi Daredevils,normal,,,90,,,,60,,,,30,,,,0,Delhi Daredevils,0,9,
409,2013,Pune Warriors,Kings XI Punjab,normal,,,90,,,,60,,,,30,,,,0,Kings XI Punjab,0,7,
410,2013,Rajasthan Royals,Chennai Super Kings,normal,,,90,,,,60,,,,30,,,,0,Chennai Super Kings,0,5,
411,2013,Royal Challengers Bangalore,Pune Warriors,normal,,,90,,,,60,,,,30,,,,0,Royal Challengers Bangalore,130,0,
412,2013,Kings XI Punjab,Delhi Daredevils,normal,,,90,,,,60,,,,30,,,,0,Kings XI Punjab,7,0,
413,2013,Kolkata Knight Riders,Mumbai Indians,normal,,,90,,,,60,,,,30,,,,0,Mumbai Indians,0,5,
414,2013,Sunrisers Hyderabad,Chennai Super Kings,normal,,,90,,,,60,,,,30,,,,0,Chennai Super Kings,0,5,
415,2013,Kings XI Punjab,Kolkata Knight Riders,normal,,,90,,,,60,,,,30,,,,0,Kolkata Knight Riders,0,6,
416,2013,Sunrisers Hyderabad,Rajasthan Royals,normal,,,90,,,,60,,,,30,,,,0,Rajasthan Royals,0,8,
417,2013,Mumbai Indians,Royal Challengers Bangalore,normal,,,90,,,,60,,,,30,,,,0,Mumbai Indians,58,0,
418,2013,Chennai Super Kings,Kolkata Knight Riders,normal,,,90,,,,60,,,,30,,,,0,Chennai Super Kings,14,0,
419,2013,Delhi Daredevils,Pune Warriors,normal,,,90,,,,60,,,,30,,,,0,Delhi Daredevils,15,0,
420,2013,Royal Challengers Bangalore,Rajasthan Royals,normal,,,90,,,,60,,,,30,,,,0,Rajasthan Royals,0,4,
421,2013,Mumbai Indians,Kings XI Punjab,normal,,,90,,,,60,,,,30,,,,0,Mumbai Indians,4,0,
422,2013,Chennai Super Kings,Pune Warriors,normal,,,90,,,,60,,,,30,,,,0,Chennai Super Kings,37,0,
423,2013,Mumbai Indians,Sunrisers Hyderabad,normal,,,90,,,,60,,,,30,,,,0,Sunrisers Hyderabad,0,7,
424,2013,Kolkata Knight Riders,Delhi Daredevils,normal,,,90,,,,60,,,,30,,,,0,Delhi Daredevils,0,7,
425,2013,Chennai Super Kings,Kings XI Punjab,normal,,,90,,,,60,,,,30,,,,0,Chennai Super Kings,15,0,
426,2013,Royal Challengers Bangalore,Pune Warriors,normal,,,90,,,,60,,,,30,,,,0,Royal Challengers Bangalore,17,0,
427,2013,Rajasthan Royals,Kolkata Knight Riders,normal,,,90,,,,60,,,,30,,,,0,Kolkata Knight Riders,0,8,
428,2013,Delhi Daredevils,Sunrisers Hyderabad,normal,,,90,,,,60,,,,30,,,,0,Sunrisers Hyderabad,0,6,
429,2013,Royal Challengers Bangalore,Kings XI Punjab,normal,,,90,,,,60,,,,30,,,,0,Kings XI Punjab,0,7,
430,2013,Mumbai Indians,Chennai Super Kings,normal,,,90,,,,60,,,,30,,,,0,Mumbai Indians,60,0,
431,2013,Pune Warriors,Rajasthan Royals,normal,,,90,,,,60,,,,30,,,,0,Rajasthan Royals,0,5,
432,2013,Sunrisers Hyderabad,Royal Challengers Bangalore,normal,,,90,,,,60,,,,30,,,,0,Royal Challengers Bangalore,0,7,
433,2013,Delhi Daredevils,Rajasthan Royals,normal,,,90,,,,60,,,,30,,,,0,Rajasthan Royals,0,9,
434,2013,Mumbai Indians,Kolkata Knight Riders,normal,,,90,,,,60,,,,30,,,,0,Mumbai Indians,65,0,
435,2013,Chennai Super Kings,Sunrisers Hyderabad,normal,,,90,,,,60,,,,30,,,,0,Chennai Super Kings,77,0,
436,2013,Kings XI Punjab,Rajasthan Royals,normal,,,90,,,,60,,,,30,,,,0,Rajasthan Royals,0,8,
437,2013,Kolkata Knight Riders,Pune Warriors,normal,,,90,,,,60,,,,30,,,,0,Kolkata Knight Riders,46,0,
438,2013,Royal Challengers Bangalore,Delhi Daredevils,normal,,,90,,,,60,,,,30,,,,0,Royal Challengers Bangalore,4,0,
439,2013,Pune Warriors,Mumbai Indians,normal,,,90,,,,60,,,,30,,,,0,Mumbai Indians,0,5,
440,2013,Sunrisers Hyderabad,Kings XI Punjab,normal,,,90,,,,60,,,,30,,,,0,Sunrisers Hyderabad,30,0,
441,2013,Royal Challengers Bangalore,Kolkata Knight Riders,normal,,,90,,,,60,,,,30,,,,0,Kolkata Knight Riders,0,5,
442,2013,Chennai Super Kings,Rajasthan Royals,normal,,,90,,,,60,,,,30,,,,0,Rajasthan Royals,0,5,
443,2013,Delhi Daredevils,Kings XI Punjab,normal,,,90,,,,60,,,,30,,,,0,Kings XI Punjab,0,5,
444,2013,Sunrisers Hyderabad,Mumbai Indians,normal,,,90,,,,60,,,,30,,,,0,Mumbai Indians,0,7,
445,2013,Pune Warriors,Kolkata Knight Riders,normal,,,90,,,,60,,,,30,,,,0,Pune Warriors,7,0,
446,2013,Chennai Super Kings,Delhi Daredevils,normal,,,90,,,,60,,,,30,,,,0,Chennai Super Kings,33,0,
447,2013,Mumbai Indians,Rajasthan Royals,normal,,,90,,,,60,,,,30,,,,0,Mumbai Indians,14,0,
448,2013,Royal Challengers Bangalore,Kings XI Punjab,normal,,,90,,,,60,,,,30,,,,0,Kings XI Punjab,0,6,
449,2013,Sunrisers Hyderabad,Rajasthan Royals,normal,,,90,,,,60,,,,30,,,,0,Sunrisers Hyderabad,23,0,
450,2013,Kings XI Punjab,Mumbai Indians,normal,,,90,,,,60,,,,30,,,,0,Kings XI Punjab,50,0,
451,2013,Pune Warriors,Delhi Daredevils,normal,,,90,,,,60,,,,30,,,,0,Pune Warriors,38,0,
452,2013,Royal Challengers Bangalore,Chennai Super Kings,normal,,,90,,,,60,,,,30,,,,0,Royal Challengers Bangalore,24,0,
453,2013,Kolkata Knight Riders,Sunrisers Hyderabad,normal,,,90,,,,60,,,,30,,,,0,Sunrisers Hyderabad,0,5,
454,2013,Chennai Super Kings,Mumbai Indians,normal,,,90,,,,60,,,,30,,,,0,Chennai Super Kings,48,0,
455,2013,Sunrisers Hyderabad,Rajasthan Royals,normal,,,90,,,,60,,,,30,,,,0,Rajasthan Royals,0,4,
456,2013,Rajasthan Royals,Mumbai Indians,normal,,,90,,,,60,,,,30,,,,0,Mumbai Indians,0,4,
457,2013,Mumbai Indians,Chennai Super Kings,normal,,,90,,,,60,,,,30,,,,0,Mumbai Indians,23,0,
458,2014,Kolkata Knight Riders,Mumbai Indians,normal,,,90,,,,60,,,,30,,,,0,Kolkata Knight Riders,41,0,
459,2014,Delhi Daredevils,Royal Challengers Bangalore,normal,,,90,,,,60,,,,30,,,,0,Royal Challengers Bangalore,0,8,
460,2014,Chennai Super Kings,Kings XI Punjab,normal,,,90,,,,60,,,,30,,,,0,Kings XI Punjab,0,6,
461,2014,Sunrisers Hyderabad,Rajasthan Royals,normal,,,90,,,,60,,,,30,,,,0,Rajasthan Royals,0,4,
462,2014,Mumbai Indians,Royal Challengers Bangalore,normal,,,90,,,,60,,,,30,,,,0,Royal Challengers Bangalore,0,7,
463,2014,Kolkata Knight Riders,Delhi Daredevils,normal,,,90,,,,60,,,,30,,,,0,Delhi Daredevils,0,4,
464,2014,Rajasthan Royals,Kings XI Punjab,normal,,,90,,,,60,,,,30,,,,0,Kings XI Punjab,0,7,
465,2014,Chennai Super Kings,Delhi Daredevils,normal,,,90,,,,60,,,,30,,,,0,Chennai Super Kings,93,0,
466,2014,Kings XI Punjab,Sunrisers Hyderabad,normal,,,90,,,,60,,,,30,,,,0,Kings XI Punjab,72,0,
467,2014,Chennai Super Kings,Rajasthan Royals,normal,,,90,,,,60,,,,30,,,,0,Chennai Super Kings,7,0,
468,2014,Kolkata Knight Riders,Royal Challengers Bangalore,normal,,,90,,,,60,,,,30,,,,0,Kolkata Knight Riders,2,0,
469,2014,Sunrisers Hyderabad,Delhi Daredevils,normal,,,90,,,,60,,,,30,,,,0,Sunrisers Hyderabad,4,0,
470,2014,Mumbai Indians,Chennai Super Kings,normal,,,90,,,,60,,,,30,,,,0,Chennai Super Kings,0,7,
471,2014,Royal Challengers Bangalore,Rajasthan Royals,normal,,,90,,,,60,,,,30,,,,0,Rajasthan Royals,0,6,
472,2014,Kings XI Punjab,Kolkata Knight Riders,normal,,,90,,,,60,,,,30,,,,0,Kings XI Punjab,23,0,
473,2014,Mumbai Indians,Delhi Daredevils,normal,,,90,,,,60,,,,30,,,,0,Delhi Daredevils,0,6,
474,2014,Sunrisers Hyderabad,Chennai Super Kings,normal,,,90,,,,60,,,,30,,,,0,Chennai Super Kings,0,5,
475,2014,Royal Challengers Bangalore,Kings XI Punjab,normal,,,90,,,,60,,,,30,,,,0,Kings XI Punjab,0,5,
476,2014,Rajasthan Royals,Kolkata Knight Riders,tie,,,90,,,,60,,,,30,,,,0,Rajasthan Royals,0,0,
477,2014,Sunrisers Hyderabad,Mumbai Indians,normal,,,90,,,,60,,,,30,,,,0,Sunrisers Hyderabad,15,0,
478,2014,Chennai Super Kings,Kolkata Knight Riders,normal,,,90,,,,60,,,,30,,,,0,Chennai Super Kings,34,0,
479,2014,Kings XI Punjab,Mumbai Indians,normal,,,90,,,,60,,,,30,,,,0,Mumbai Indians,0,5,
480,2014,Delhi Daredevils,Rajasthan Royals,normal,,,90,,,,60,,,,30,,,,0,Rajasthan Royals,0,7,
481,2014,Sunrisers Hyderabad,Royal Challengers Bangalore,normal,,,90,,,,60,,,,30,,,,0,Royal Challengers Bangalore,0,4,
482,2014,Rajasthan Royals,Kolkata Knight Riders,normal,,,90,,,,60,,,,30,,,,0,Rajasthan Royals,10,0,
483,2014,Delhi Daredevils,Chennai Super Kings,normal,,,90,,,,60,,,,30,,,,0,Chennai Super Kings,0,8,
484,2014,Mumbai Indians,Royal Challengers Bangalore,normal,,,90,,,,60,,,,30,,,,0,Mumbai Indians,19,0,
485,2014,Delhi Daredevils,Kolkata Knight Riders,normal,,,90,,,,60,,,,30,,,,0,Kolkata Knight Riders,0,8,
486,2014,Kings XI Punjab,Chennai Super Kings,normal,,,90,,,,60,,,,30,,,,0,Kings XI Punjab,44,0,
487,2014,Sunrisers Hyderabad,Rajasthan Royals,normal,,,90,,,,60,,,,30,,,,0,Sunrisers Hyderabad,32,0,
488,2014,Kings XI Punjab,Royal Challengers Bangalore,normal,,,90,,,,60,,,,30,,,,0,Kings XI Punjab,32,0,
490,2014,Mumbai Indians,Chennai Super Kings,normal,,,90,,,,60,,,,30,,,,0,Chennai Super Kings,0,4,
491,2014,Kings XI Punjab,Kolkata Knight Riders,normal,,,90,,,,60,,,,30,,,,0,Kolkata Knight Riders,0,9,
492,2014,Royal Challengers Bangalore,Rajasthan Royals,normal,,,90,,,,60,,,,30,,,,0,Rajasthan Royals,0,5,
493,2014,Sunrisers Hyderabad,Mumbai Indians,normal,,,90,,,,60,,,,30,,,,0,Mumbai Indians,0,7,
494,2014,Rajasthan Royals,Chennai Super Kings,normal,,,90,,,,60,,,,30,,,,0,Chennai Super Kings,0,5,
495,2014,Royal Challengers Bangalore,Delhi Daredevils,normal,,,90,,,,60,,,,30,,,,0,Royal Challengers Bangalore,16,0,
496,2014,Sunrisers Hyderabad,Kings XI Punjab,normal,,,90,,,,60,,,,30,,,,0,Kings XI Punjab,0,6,
497,2014,Mumbai Indians,Kolkata Knight Riders,normal,,,90,,,,60,,,,30,,,,0,Kolkata Knight Riders,0,6,
498,2014,Rajasthan Royals,Delhi Daredevils,normal,,,90,,,,60,,,,30,,,,0,Rajasthan Royals,62,0,
499,2014,Chennai Super Kings,Royal Challengers Bangalore,normal,,,90,,,,60,,,,30,,,,0,Royal Challengers Bangalore,0,5,
500,2014,Sunrisers Hyderabad,Kolkata Knight Riders,normal,,,90,,,,60,,,,30,,,,0,Kolkata Knight Riders,0,7,
501,2014,Mumbai Indians,Rajasthan Royals,normal,,,90,,,,60,,,,30,,,,0,Mumbai Indians,25,0,
502,2014,Delhi Daredevils,Kings XI Punjab,normal,,,90,,,,60,,,,30,,,,0,Kings XI Punjab,0,4,
503,2014,Royal Challengers Bangalore,Sunrisers Hyderabad,normal,,,90,,,,60,,,,30,,,,0,Sunrisers Hyderabad,0,7,
504,2014,Chennai Super Kings,Kolkata Knight Riders,normal,,,90,,,,60,,,,30,,,,0,Kolkata Knight Riders,0,8,
505,2014,Kings XI Punjab,Mumbai Indians,normal,,,90,,,,60,,,,30,,,,0,Mumbai Indians,0,7,
506,2014,Kolkata Knight Riders,Royal Challengers Bangalore,normal,,,90,,,,60,,,,30,,,,0,Kolkata Knight Riders,30,0,
507,2014,Chennai Super Kings,Sunrisers Hyderabad,normal,,,90,,,,60,,,,30,,,,0,Sunrisers Hyderabad,0,6,
508,2014,Mumbai Indians,Delhi Daredevils,normal,,,90,,,,60,,,,30,,,,0,Mumbai Indians,15,0,
509,2014,Kings XI Punjab,Rajasthan Royals,normal,,,90,,,,60,,,,30,,,,0,Kings XI Punjab,16,0,
510,2014,Royal Challengers Bangalore,Chennai Super Kings,normal,,,90,,,,60,,,,30,,,,0,Chennai Super Kings,0,8,
511,2014,Sunrisers Hyderabad,Kolkata Knight Riders,normal,,,90,,,,60,,,,30,,,,0,Kolkata Knight Riders,0,4,
512,2014,Delhi Daredevils,Kings XI Punjab,normal,,,90,,,,60,,,,30,,,,0,Kings XI Punjab,0,7,
513,2014,Rajasthan Royals,Mumbai Indians,normal,,,90,,,,60,,,,30,,,,0,Mumbai Indians,0,5,
514,2014,Kolkata Knight Riders,Kings XI Punjab,normal,,,90,,,,60,,,,30,,,,0,Kolkata Knight Riders,28,0,
515,2014,Mumbai Indians,Chennai Super Kings,normal,,,90,,,,60,,,,30,,,,0,Chennai Super Kings,0,7,
516,2014,Kings XI Punjab,Chennai Super Kings,normal,,,90,,,,60,,,,30,,,,0,Kings XI Punjab,24,0,
517,2014,Kings XI Punjab,Kolkata Knight Riders,normal,,,90,,,,60,,,,30,,,,0,Kolkata Knight Riders,0,3,
518,2015,Mumbai Indians,Kolkata Knight Riders,normal,,,90,,,,60,,,,30,,,,0,Kolkata Knight Riders,0,7,
519,2015,Chennai Super Kings,Delhi Daredevils,normal,,,90,,,,60,,,,30,,,,0,Chennai Super Kings,1,0,
520,2015,Rajasthan Royals,Kings XI Punjab,normal,,,90,,,,60,,,,30,,,,0,Rajasthan Royals,26,0,
521,2015,Chennai Super Kings,Sunrisers Hyderabad,normal,,,90,,,,60,,,,30,,,,0,Chennai Super Kings,45,0,
522,2015,Kolkata Knight Riders,Royal Challengers Bangalore,normal,,,90,,,,60,,,,30,,,,0,Royal Challengers Bangalore,0,3,
523,2015,Delhi Daredevils,Rajasthan Royals,normal,,,90,,,,60,,,,30,,,,0,Rajasthan Royals,0,3,
524,2015,Kings XI Punjab,Mumbai Indians,normal,,,90,,,,60,,,,30,,,,0,Kings XI Punjab,18,0,
525,2015,Royal Challengers Bangalore,Sunrisers Hyderabad,normal,,,90,,,,60,,,,30,,,,0,Sunrisers Hyderabad,0,8,
526,2015,Mumbai Indians,Rajasthan Royals,normal,,,90,,,,60,,,,30,,,,0,Rajasthan Royals,0,7,
527,2015,Chennai Super Kings,Kolkata Knight Riders,normal,,,90,,,,60,,,,30,,,,0,Kolkata Knight Riders,0,7,
528,2015,Kings XI Punjab,Delhi Daredevils,normal,,,90,,,,60,,,,30,,,,0,Delhi Daredevils,0,5,
529,2015,Sunrisers Hyderabad,Rajasthan Royals,normal,,,90,,,,60,,,,30,,,,0,Rajasthan Royals,0,6,
530,2015,Mumbai Indians,Chennai Super Kings,normal,,,90,,,,60,,,,30,,,,0,Chennai Super Kings,0,6,
531,2015,Delhi Daredevils,Sunrisers Hyderabad,normal,,,90,,,,60,,,,30,,,,0,Delhi Daredevils,4,0,
532,2015,Kings XI Punjab,Kolkata Knight Riders,normal,,,90,,,,60,,,,30,,,,0,Kolkata Knight Riders,0,4,
533,2015,Chennai Super Kings,Rajasthan Royals,normal,,,90,,,,60,,,,30,,,,0,Rajasthan Royals,0,8,
534,2015,Mumbai Indians,Royal Challengers Bangalore,normal,,,90,,,,60,,,,30,,,,0,Mumbai Indians,18,0,
535,2015,Delhi Daredevils,Kolkata Knight Riders,normal,,,90,,,,60,,,,30,,,,0,Kolkata Knight Riders,0,6,
536,2015,Rajasthan Royals,Kings XI Punjab,tie,,,90,,,,60,,,,30,,,,0,Kings XI Punjab,0,0,
538,2015,Chennai Super Kings,Royal Challengers Bangalore,normal,,,90,,,,60,,,,30,,,,0,Chennai Super Kings,27,0,
539,2015,Delhi Daredevils,Mumbai Indians,normal,,,90,,,,60,,,,30,,,,0,Delhi Daredevils,37,0,
540,2015,Rajasthan Royals,Royal Challengers Bangalore,normal,,,90,,,,60,,,,30,,,,0,Royal Challengers Bangalore,0,9,
541,2015,Mumbai Indians,Sunrisers Hyderabad,normal,,,90,,,,60,,,,30,,,,0,Mumbai Indians,20,0,
542,2015,Chennai Super Kings,Kings XI Punjab,normal,,,90,,,,60,,,,30,,,,0,Chennai Super Kings,97,0,
543,2015,Delhi Daredevils,Royal Challengers Bangalore,normal,,,90,,,,60,,,,30,,,,0,Royal Challengers Bangalore,0,10,
544,2015,Sunrisers Hyderabad,Kings XI Punjab,normal,,,90,,,,60,,,,30,,,,0,Sunrisers Hyderabad,20,0,
545,2015,Kolkata Knight Riders,Delhi Daredevils,normal,,,90,,,,60,,,,30,,,,0,Kolkata Knight Riders,13,0,
546,2015,Royal Challengers Bangalore,Rajasthan Royals,no result,,,90,,,,60,,,,30,,,,0,,0,0,
547,2015,Chennai Super Kings,Kolkata Knight Riders,normal,,,90,,,,60,,,,30,,,,0,Chennai Super Kings,2,0,
548,2015,Kings XI Punjab,Delhi Daredevils,normal,,,90,,,,60,,,,30,,,,0,Delhi Daredevils,0,9,
549,2015,Mumbai Indians,Rajasthan Royals,normal,,,90,,,,60,,,,30,,,,0,Mumbai Indians,8,0,
550,2015,Kolkata Knight Riders,Royal Challengers Bangalore,normal,,,90,,,,60,,,,30,,,,0,Royal Challengers Bangalore,0,7,
551,2015,Sunrisers Hyderabad,Chennai Super Kings,normal,,,90,,,,60,,,,30,,,,0,Sunrisers Hyderabad,22,0,
552,2015,Mumbai Indians,Kings XI Punjab,normal,,,90,,,,60,,,,30,,,,0,Mumbai Indians,23,0,
553,2015,Rajasthan Royals,Delhi Daredevils,normal,,,90,,,,60,,,,30,,,,0,Rajasthan Royals,14,0,
554,2015,Chennai Super Kings,Royal Challengers Bangalore,normal,,,90,,,,60,,,,30,,,,0,Chennai Super Kings,24,0,
555,2015,Kolkata Knight Riders,Sunrisers Hyderabad,normal,,,90,,,,60,,,,30,,,,0,Kolkata Knight Riders,35,0,
556,2015,Delhi Daredevils,Mumbai Indians,normal,,,90,,,,60,,,,30,,,,0,Mumbai Indians,0,5,
557,2015,Royal Challengers Bangalore,Kings XI Punjab,normal,,,90,,,,60,,,,30,,,,0,Royal Challengers Bangalore,138,0,
558,2015,Sunrisers Hyderabad,Rajasthan Royals,normal,,,90,,,,60,,,,30,,,,0,Sunrisers Hyderabad,7,0,
559,2015,Chennai Super Kings,Mumbai Indians,normal,,,90,,,,60,,,,30,,,,0,Mumbai Indians,0,6,
560,2015,Kings XI Punjab,Kolkata Knight Riders,normal,,,90,,,,60,,,,30,,,,0,Kolkata Knight Riders,0,1,
561,2015,Sunrisers Hyderabad,Delhi Daredevils,normal,,,90,,,,60,,,,30,,,,0,Sunrisers Hyderabad,6,0,
562,2015,Royal Challengers Bangalore,Mumbai Indians,normal,,,90,,,,60,,,,30,,,,0,Royal Challengers Bangalore,39,0,
563,2015,Chennai Super Kings,Rajasthan Royals,normal,,,90,,,,60,,,,30,,,,0,Chennai Super Kings,12,0,
564,2015,Sunrisers Hyderabad,Kings XI Punjab,normal,,,90,,,,60,,,,30,,,,0,Sunrisers Hyderabad,5,0,
565,2015,Chennai Super Kings,Delhi Daredevils,normal,,,90,,,,60,,,,30,,,,0,Delhi Daredevils,0,6,
566,2015,Kings XI Punjab,Royal Challengers Bangalore,normal,,,90,,,,60,,,,30,,,,0,Kings XI Punjab,22,0,
567,2015,Mumbai Indians,Kolkata Knight Riders,normal,,,90,,,,60,,,,30,,,,0,Mumbai Indians,5,0,
569,2015,Kings XI Punjab,Chennai Super Kings,normal,,,90,,,,60,,,,30,,,,0,Chennai Super Kings,0,7,
570,2015,Rajasthan Royals,Kolkata Knight Riders,normal,,,90,,,,60,,,,30,,,,0,Rajasthan Royals,9,0,
571,2015,Delhi Daredevils,Royal Challengers Bangalore,no result,,,90,,,,60,,,,30,,,,0,,0,0,
572,2015,Sunrisers Hyderabad,Mumbai Indians,normal,,,90,,,,60,,,,30,,,,0,Mumbai Indians,0,9,
573,2015,Mumbai Indians,Chennai Super Kings,normal,,,90,,,,60,,,,30,,,,0,Mumbai Indians,25,0,
574,2015,Royal Challengers Bangalore,Rajasthan Royals,normal,,,90,,,,60,,,,30,,,,0,Royal Challengers Bangalore,71,0,
575,2015,Royal Challengers Bangalore,Chennai Super Kings,normal,,,90,,,,60,,,,30,,,,0,Chennai Super Kings,0,3,
576,2015,Mumbai Indians,Chennai Super Kings,normal,,,90,,,,60,,,,30,,,,0,Mumbai Indians,41,0,
577,2016,Mumbai Indians,Rising Pune Supergiants,normal,,,90,,,,60,,,,30,,,,0,Rising Pune Supergiants,0,9,
578,2016,Delhi Daredevils,Kolkata Knight Riders,normal,,,90,,,,60,,,,30,,,,0,Kolkata Knight Riders,0,9,
579,2016,Kings XI Punjab,Gujarat Lions,normal,,,90,,,,60,,,,30,,,,0,Gujarat Lions,0,5,
580,2016,Royal Challengers Bangalore,Sunrisers Hyderabad,normal,,,90,,,,60,,,,30,,,,0,Royal Challengers Bangalore,45,0,
581,2016,Kolkata Knight Riders,Mumbai Indians,normal,,,90,,,,60,,,,30,,,,0,Mumbai Indians,0,6,
582,2016,Rising Pune Supergiants,Gujarat Lions,normal,,,90,,,,60,,,,30,,,,0,Gujarat Lions,0,7,
583,2016,Kings XI Punjab,Delhi Daredevils,normal,,,90,,,,60,,,,30,,,,0,Delhi Daredevils,0,8,
584,2016,Sunrisers Hyderabad,Kolkata Knight Riders,normal,,,90,,,,60,,,,30,,,,0,Kolkata Knight Riders,0,8,
585,2016,Mumbai Indians,Gujarat Lions,normal,,,90,,,,60,,,,30,,,,0,Gujarat Lions,0,3,
586,2016,Rising Pune Supergiants,Kings XI Punjab,normal,,,90,,,,60,,,,30,,,,0,Kings XI Punjab,0,6,
587,2016,Royal Challengers Bangalore,Delhi Daredevils,normal,,,90,,,,60,,,,30,,,,0,Delhi Daredevils,0,7,
588,2016,Mumbai Indians,Sunrisers Hyderabad,normal,,,90,,,,60,,,,30,,,,0,Sunrisers Hyderabad,0,7,
589,2016,Kings XI Punjab,Kolkata Knight Riders,normal,,,90,,,,60,,,,30,,,,0,Kolkata Knight Riders,0,6,
590,2016,Royal Challengers Bangalore,Mumbai Indians,normal,,,90,,,,60,,,,30,,,,0,Mumbai Indians,0,6,
591,2016,Gujarat Lions,Sunrisers Hyderabad,normal,,,90,,,,60,,,,30,,,,0,Sunrisers Hyderabad,0,10,
592,2016,Royal Challengers Bangalore,Rising Pune Supergiants,normal,,,90,,,,60,,,,30,,,,0,Royal Challengers Bangalore,13,0,
593,2016,Delhi Daredevils,Mumbai Indians,normal,,,90,,,,60,,,,30,,,,0,Delhi Daredevils,10,0,
594,2016,Kings XI Punjab,Sunrisers Hyderabad,normal,,,90,,,,60,,,,30,,,,0,Sunrisers Hyderabad,0,5,
595,2016,Royal Challengers Bangalore,Gujarat Lions,normal,,,90,,,,60,,,,30,,,,0,Gujarat Lions,0,6,
596,2016,Rising Pune Supergiants,Kolkata Knight Riders,normal,,,90,,,,60,,,,30,,,,0,Kolkata Knight Riders,0,2,
597,2016,Mumbai Indians,Kings XI Punjab,normal,,,90,,,,60,,,,30,,,,0,Mumbai Indians,25,0,
599,2016,Gujarat Lions,Delhi Daredevils,normal,,,90,,,,60,,,,30,,,,0,Gujarat Lions,1,0,
600,2016,Kolkata Knight Riders,Mumbai Indians,normal,,,90,,,,60,,,,30,,,,0,Mumbai Indians,0,6,
601,2016,Rising Pune Supergiants,Gujarat Lions,normal,,,90,,,,60,,,,30,,,,0,Gujarat Lions,0,3,
602,2016,Delhi Daredevils,Kolkata Knight Riders,normal,,,90,,,,60,,,,30,,,,0,Delhi Daredevils,27,0,
603,2016,Sunrisers Hyderabad,Royal Challengers Bangalore,normal,,,90,,,,60,,,,30,,,,0,Sunrisers Hyderabad,15,0,
604,2016,Kings XI Punjab,Gujarat Lions,normal,,,90,,,,60,,,,30,,,,0,Kings XI Punjab,23,0,
605,2016,Rising Pune Supergiants,Mumbai Indians,normal,,,90,,,,60,,,,30,,,,0,Mumbai Indians,0,8,
606,2016,Royal Challengers Bangalore,Kolkata Knight Riders,normal,,,90,,,,60,,,,30,,,,0,Kolkata Knight Riders,0,5,
607,2016,Gujarat Lions,Delhi Daredevils,normal,,,90,,,,60,,,,30,,,,0,Delhi Daredevils,0,8,
608,2016,Kolkata Knight Riders,Kings XI Punjab,normal,,,90,,,,60,,,,30,,,,0,Kolkata Knight Riders,7,0,
609,2016,Delhi Daredevils,Rising Pune Supergiants,normal,,,90,,,,60,,,,30,,,,0,Rising Pune Supergiants,0,7,
610,2016,Gujarat Lions,Sunrisers Hyderabad,normal,,,90,,,,60,,,,30,,,,0,Sunrisers Hyderabad,0,5,
611,2016,Rising Pune Supergiants,Royal Challengers Bangalore,normal,,,90,,,,60,,,,30,,,,0,Royal Challengers Bangalore,0,7,
612,2016,Kings XI Punjab,Delhi Daredevils,normal,,,90,,,,60,,,,30,,,,0,Kings XI Punjab,9,0,
613,2016,Sunrisers Hyderabad,Mumbai Indians,normal,,,90,,,,60,,,,30,,,,0,Sunrisers Hyderabad,85,0,
614,2016,Kolkata Knight Riders,Gujarat Lions,normal,,,90,,,,60,,,,30,,,,0,Gujarat Lions,0,5,
615,2016,Royal Challengers Bangalore,Kings XI Punjab,normal,,,90,,,,60,,,,30,,,,0,Royal Challengers Bangalore,1,0,
616,2016,Sunrisers Hyderabad,Rising Pune Supergiants,normal,,,90,,,,60,,,,30,,,,0,Sunrisers Hyderabad,4,0,
617,2016,Royal Challengers Bangalore,Mumbai Indians,normal,,,90,,,,60,,,,30,,,,0,Mumbai Indians,0,6,
618,2016,Sunrisers Hyderabad,Delhi Daredevils,normal,,,90,,,,60,,,,30,,,,0,Delhi Daredevils,0,7,
619,2016,Mumbai Indians,Kings XI Punjab,normal,,,90,,,,60,,,,30,,,,0,Kings XI Punjab,0,7,
620,2016,Royal Challengers Bangalore,Gujarat Lions,normal,,,90,,,,60,,,,30,,,,0,Royal Challengers Bangalore,144,0,
622,2016,Kings XI Punjab,Sunrisers Hyderabad,normal,,,90,,,,60,,,,30,,,,0,Sunrisers Hyderabad,0,7,
623,2016,Mumbai Indians,Delhi Daredevils,normal,,,90,,,,60,,,,30,,,,0,Mumbai Indians,80,0,
624,2016,Kolkata Knight Riders,Royal Challengers Bangalore,normal,,,90,,,,60,,,,30,,,,0,Royal Challengers Bangalore,0,9,
627,2016,Kolkata Knight Riders,Gujarat Lions,normal,,,90,,,,60,,,,30,,,,0,Gujarat Lions,0,6,
628,2016,Sunrisers Hyderabad,Delhi Daredevils,normal,,,90,,,,60,,,,30,,,,0,Delhi Daredevils,0,6,
629,2016,Kings XI Punjab,Rising Pune Supergiants,normal,,,90,,,,60,,,,30,,,,0,Rising Pune Supergiants,0,4,
630,2016,Mumbai Indians,Gujarat Lions,normal,,,90,,,,60,,,,30,,,,0,Gujarat Lions,0,6,
631,2016,Kolkata Knight Riders,Sunrisers Hyderabad,normal,,,90,,,,60,,,,30,,,,0,Kolkata Knight Riders,22,0,
632,2016,Delhi Daredevils,Royal Challengers Bangalore,normal,,,90,,,,60,,,,30,,,,0,Royal Challengers Bangalore,0,6,
633,2016,Gujarat Lions,Royal Challengers Bangalore,normal,,,90,,,,60,,,,30,,,,0,Royal Challengers Bangalore,0,4,
634,2016,Sunrisers Hyderabad,Kolkata Knight Riders,normal,,,90,,,,60,,,,30,,,,0,Sunrisers Hyderabad,22,0,
635,2016,Gujarat Lions,Sunrisers Hyderabad,normal,,,90,,,,60,,,,30,,,,0,Sunrisers Hyderabad,0,4,
636,2016,Sunrisers Hyderabad,Royal Challengers Bangalore,normal,,,90,,,,60,,,,30,,,,0,Sunrisers Hyderabad,8,0,
7894,2018,Mumbai Indians,Chennai Super Kings,normal,,,90,,,,60,,,,30,,,,0,Chennai Super Kings,0,1,
7895,2018,Delhi Daredevils,Kings XI Punjab,normal,,,90,,,,60,,,,30,,,,0,Kings XI Punjab,0,6,
7896,2018,Royal Challengers Bangalore,Kolkata Knight Riders,normal,,,90,,,,60,,,,30,,,,0,Kolkata Knight Riders,0,4,
7897,2018,Rajasthan Royals,Sunrisers Hyderabad,normal,,,90,,,,60,,,,30,,,,0,Sunrisers Hyderabad,0,9,
7898,2018,Kolkata Knight Riders,Chennai Super Kings,normal,,,90,,,,60,,,,30,,,,0,Chennai Super Kings,0,5,
7900,2018,Mumbai Indians,Sunrisers Hyderabad,normal,,,90,,,,60,,,,30,,,,0,Sunrisers Hyderabad,0,1,
7901,2018,Kings XI Punjab,Royal Challengers Bangalore,normal,,,90,,,,60,,,,30,,,,0,Royal Challengers Bangalore,0,4,
7902,2018,Mumbai Indians,Delhi Daredevils,normal,,,90,,,,60,,,,30,,,,0,Delhi Daredevils,0,7,
7903,2018,Kolkata Knight Riders,Sunrisers Hyderabad,normal,,,90,,,,60,,,,30,,,,0,Sunrisers Hyderabad,0,5,
7904,2018,Rajasthan Royals,Royal Challengers Bangalore,normal,,,90,,,,60,,,,30,,,,0,Rajasthan Royals,19,0,
7905,2018,Kings XI Punjab,Chennai Super Kings,normal,,,90,,,,60,,,,30,,,,0,Kings XI Punjab,4,0,
7906,2018,Kolkata Knight Riders,Delhi Daredevils,normal,,,90,,,,60,,,,30,,,,0,Kolkata Knight Riders,71,0,
7907,2018,Mumbai Indians,Royal Challengers Bangalore,normal,,,90,,,,60,,,,30,,,,0,Mumbai Indians,46,0,
7908,2018,Rajasthan Royals,Kolkata Knight Riders,normal,,,90,,,,60,,,,30,,,,0,Kolkata Knight Riders,0,7,
7909,2018,Kings XI Punjab,Sunrisers Hyderabad,normal,,,90,,,,60,,,,30,,,,0,Kings XI Punjab,15,0,
7910,2018,Chennai Super Kings,Rajasthan Royals,normal,,,90,,,,60,,,,30,,,,0,Chennai Super Kings,64,0,
7912,2018,Delhi Daredevils,Royal Challengers Bangalore,normal,,,90,,,,60,,,,30,,,,0,Royal Challengers Bangalore,0,6,
7913,2018,Chennai Super Kings,Sunrisers Hyderabad,normal,,,90,,,,60,,,,30,,,,0,Chennai Super Kings,4,0,
7914,2018,Mumbai Indians,Rajasthan Royals,normal,,,90,,,,60,,,,30,,,,0,Rajasthan Royals,0,3,
7915,2018,Kings XI Punjab,Delhi Daredevils,normal,,,90,,,,60,,,,30,,,,0,Kings XI Punjab,4,0,
7916,2018,Sunrisers Hyderabad,Mumbai Indians,normal,,,90,,,,60,,,,30,,,,0,Sunrisers Hyderabad,31,0,
7917,2018,Royal Challengers Bangalore,Chennai Super Kings,normal,,,90,,,,60,,,,30,,,,0,Chennai Super Kings,0,5,
7918,2018,Sunrisers Hyderabad,Kings XI Punjab,normal,,,90,,,,60,,,,30,,,,0,Sunrisers Hyderabad,13,0,
7919,2018,Delhi Daredevils,Kolkata Knight Riders,normal,,,90,,,,60,,,,30,,,,0,Delhi Daredevils,55,0,
7920,2018,Chennai Super Kings,Mumbai Indians,normal,,,90,,,,60,,,,30,,,,0,Mumbai Indians,0,8,
7921,2018,Sunrisers Hyderabad,Rajasthan Royals,normal,,,90,,,,60,,,,30,,,,0,Sunrisers Hyderabad,11,0,
7922,2018,Royal Challengers Bangalore,Kolkata Knight Riders,normal,,,90,,,,60,,,,30,,,,0,Kolkata Knight Riders,0,6,
7923,2018,Chennai Super Kings,Delhi Daredevils,normal,,,90,,,,60,,,,30,,,,0,Chennai Super Kings,13,0,
7924,2018,Royal Challengers Bangalore,Mumbai Indians,normal,,,90,,,,60,,,,30,,,,0,Royal Challengers Bangalore,14,0,
7926,2018,Chennai Super Kings,Kolkata Knight Riders,normal,,,90,,,,60,,,,30,,,,0,Kolkata Knight Riders,0,6,
7927,2018,Kings XI Punjab,Mumbai Indians,normal,,,90,,,,60,,,,30,,,,0,Mumbai Indians,0,6,
7928,2018,Royal Challengers Bangalore,Chennai Super Kings,normal,,,90,,,,60,,,,30,,,,0,Chennai Super Kings,0,6,
7929,2018,Delhi Daredevils,Sunrisers Hyderabad,normal,,,90,,,,60,,,,30,,,,0,Sunrisers Hyderabad,0,7,
7930,2018,Mumbai Indians,Kolkata Knight Riders,normal,,,90,,,,60,,,,30,,,,0,Mumbai Indians,13,0,
7931,2018,Rajasthan Royals,Kings XI Punjab,normal,,,90,,,,60,,,,30,,,,0,Kings XI Punjab,0,6,
7932,2018,Sunrisers Hyderabad,Royal Challengers Bangalore,normal,,,90,,,,60,,,,30,,,,0,Sunrisers Hyderabad,5,0,
7933,2018,Rajasthan Royals,Kings XI Punjab,normal,,,90,,,,60,,,,30,,,,0,Rajasthan Royals,15,0,
7934,2018,Mumbai Indians,Kolkata Knight Riders,normal,,,90,,,,60,,,,30,,,,0,Mumbai Indians,102,0,
7935,2018,Delhi Daredevils,Sunrisers Hyderabad,normal,,,90,,,,60,,,,30,,,,0,Sunrisers Hyderabad,0,9,
7936,2018,Chennai Super Kings,Rajasthan Royals,normal,,,90,,,,60,,,,30,,,,0,Rajasthan Royals,0,4,
7937,2018,Kolkata Knight Riders,Kings XI Punjab,normal,,,90,,,,60,,,,30,,,,0,Kolkata Knight Riders,31,0,
7938,2018,Delhi Daredevils,Royal Challengers Bangalore,normal,,,90,,,,60,,,,30,,,,0,Royal Challengers Bangalore,0,5,
7939,2018,Sunrisers Hyderabad,Chennai Super Kings,normal,,,90,,,,60,,,,30,,,,0,Chennai Super Kings,0,8,
7940,2018,Mumbai Indians,Rajasthan Royals,normal,,,90,,,,60,,,,30,,,,0,Rajasthan Royals,0,7,
7941,2018,Kings XI Punjab,Royal Challengers Bangalore,normal,,,90,,,,60,,,,30,,,,0,Royal Challengers Bangalore,0,10,
7942,2018,Rajasthan Royals,Kolkata Knight Riders,normal,,,90,,,,60,,,,30,,,,0,Kolkata Knight Riders,0,6,
7943,2018,Mumbai Indians,Kings XI Punjab,normal,,,90,,,,60,,,,30,,,,0,Mumbai Indians,3,0,
7944,2018,Royal Challengers Bangalore,Sunrisers Hyderabad,normal,,,90,,,,60,,,,30,,,,0,Royal Challengers Bangalore,14,0,
7945,2018,Delhi Daredevils,Chennai Super Kings,normal,,,90,,,,60,,,,30,,,,0,Delhi Daredevils,34,0,
7946,2018,Rajasthan Royals,Royal Challengers Bangalore,normal,,,90,,,,60,,,,30,,,,0,Rajasthan Royals,30,0,
7947,2018,Sunrisers Hyderabad,Kolkata Knight Riders,normal,,,90,,,,60,,,,30,,,,0,Kolkata Knight Riders,0,5,
7948,2018,Delhi Daredevils,Mumbai Indians,normal,,,90,,,,60,,,,30,,,,0,Delhi Daredevils,11,0,
7949,2018,Kings XI Punjab,Chennai Super Kings,normal,,,90,,,,60,,,,30,,,,0,Chennai Super Kings,0,5,
7950,2018,Sunrisers Hyderabad,Chennai Super Kings,normal,,,90,,,,60,,,,30,,,,0,Chennai Super Kings,0,2,
7951,2018,Kolkata Knight Riders,Rajasthan Royals,normal,,,90,,,,60,,,,30,,,,0,Kolkata Knight Riders,25,0,
7952,2018,Sunrisers Hyderabad,Kolkata Knight Riders,normal,,,90,,,,60,,,,30,,,,0,Sunrisers Hyderabad,14,0,
7953,2018,Sunrisers Hyderabad,Chennai Super Kings,normal,,,90,,,,60,,,,30,,,,0,Chennai Super Kings,0,8,
11137,2019,Royal Challengers Bangalore,Chennai Super Kings,normal,,,90,,,,60,,,,30,,,,0,Chennai Super Kings,0,7,
11138,2019,Sunrisers Hyderabad,Kolkata Knight Riders,normal,,,90,,,,60,,,,30,,,,0,Kolkata Knight Riders,0,6,
11139,2019,Delhi Capitals,Mumbai Indians,normal,,,90,,,,60,,,,30,,,,0,Delhi Capitals,37,0,
11140,2019,Kings XI Punjab,Rajasthan Royals,normal,,,90,,,,60,,,,30,,,,0,Kings XI Punjab,14,0,
11141,2019,Delhi Capitals,Chennai Super Kings,normal,,,90,,,,60,,,,30,,,,0,Chennai Super Kings,0,6,
11142,2019,Kolkata Knight Riders,Kings XI Punjab,normal,,,90,,,,60,,,,30,,,,0,Kolkata Knight Riders,28,0,
11143,2019,Mumbai Indians,Royal Challengers Bangalore,normal,,,90,,,,60,,,,30,,,,0,Mumbai Indians,6,0,
11144,2019,Rajasthan Royals,Sunrisers Hyderabad,normal,,,90,,,,60,,,,30,,,,0,Sunrisers Hyderabad,0,5,
11145,2019,Mumbai Indians,Kings XI Punjab,normal,,,90,,,,60,,,,30,,,,0,Kings XI Punjab,0,8,
11146,2019,Kolkata Knight Riders,Delhi Capitals,tie,,,90,,,,60,,,,30,,,,0,Delhi Capitals,0,0,
11147,2019,Sunrisers Hyderabad,Royal Challengers Bangalore,normal,,,90,,,,60,,,,30,,,,0,Sunrisers Hyderabad,118,0,
11148,2019,Chennai Super Kings,Rajasthan Royals,normal,,,90,,,,60,,,,30,,,,0,Chennai Super Kings,8,0,
11149,2019,Kings XI Punjab,Delhi Capitals,normal,,,90,,,,60,,,,30,,,,0,Kings XI Punjab,14,0,
11150,2019,Royal Challengers Bangalore,Rajasthan Royals,normal,,,90,,,,60,,,,30,,,,0,Rajasthan Royals,0,7,
11151,2019,Mumbai Indians,Chennai Super Kings,normal,,,90,,,,60,,,,30,,,,0,Mumbai Indians,37,0,
11152,2019,Delhi Capitals,Sunrisers Hyderabad,normal,,,90,,,,60,,,,30,,,,0,Sunrisers Hyderabad,0,5,
11153,2019,Royal Challengers Bangalore,Kolkata Knight Riders,normal,,,90,,,,60,,,,30,,,,0,Kolkata Knight Riders,0,5,
11309,2019,Chennai Super Kings,Kings XI Punjab,normal,,,90,,,,60,,,,30,,,,0,Chennai Super Kings,22,0,
11310,2019,Mumbai Indians,Sunrisers Hyderabad,normal,,,90,,,,60,,,,30,,,,0,Mumbai Indians,40,0,
11311,2019,Royal Challengers Bangalore,Delhi Capitals,normal,,,90,,,,60,,,,30,,,,0,Delhi Capitals,0,4,
11312,2019,Rajasthan Royals,Kolkata Knight Riders,normal,,,90,,,,60,,,,30,,,,0,Kolkata Knight Riders,0,8,
11313,2019,Sunrisers Hyderabad,Kings XI Punjab,normal,,,90,,,,60,,,,30,,,,0,Kings XI Punjab,0,6,
11314,2019,Kolkata Knight Riders,Chennai Super Kings,normal,,,90,,,,60,,,,30,,,,0,Chennai Super Kings,0,7,
11315,2019,Kings XI Punjab,Mumbai Indians,normal,,,90,,,,60,,,,30,,,,0,Mumbai Indians,0,3,
11316,2019,Rajasthan Royals,Chennai Super Kings,normal,,,90,,,,60,,,,30,,,,0,Chennai Super Kings,0,4,
11317,2019,Kolkata Knight Riders,Delhi Capitals,normal,,,90,,,,60,,,,30,,,,0,Delhi Capitals,0,7,
11318,2019,Mumbai Indians,Rajasthan Royals,normal,,,90,,,,60,,,,30,,,,0,Rajasthan Royals,0,4,
11319,2019,Kings XI Punjab,Royal Challengers Bangalore,normal,,,90,,,,60,,,,30,,,,0,Royal Challengers Bangalore,0,8,
11320,2019,Kolkata Knight Riders,Chennai Super Kings,normal,,,90,,,,60,,,,30,,,,0,Chennai Super Kings,0,5,
11321,2019,Delhi Capitals,Sunrisers Hyderabad,normal,,,90,,,,60,,,,30,,,,0,Delhi Capitals,39,0,
11322,2019,Royal Challengers Bangalore,Mumbai Indians,normal,,,90,,,,60,,,,30,,,,0,Mumbai Indians,0,5,
11323,2019,Kings XI Punjab,Rajasthan Royals,normal,,,90,,,,60,,,,30,,,,0,Kings XI Punjab,12,0,
11324,2019,Chennai Super Kings,Sunrisers Hyderabad,normal,,,90,,,,60,,,,30,,,,0,Sunrisers Hyderabad,0,6,
11325,2019,Mumbai Indians,Delhi Capitals,normal,,,90,,,,60,,,,30,,,,0,Mumbai Indians,40,0,
11326,2019,Royal Challengers Bangalore,Kolkata Knight Riders,normal,,,90,,,,60,,,,30,,,,0,Royal Challengers Bangalore,10,0,
11327,2019,Mumbai Indians,Rajasthan Royals,normal,,,90,,,,60,,,,30,,,,0,Rajasthan Royals,0,5,
11328,2019,Kings XI Punjab,Delhi Capitals,normal,,,90,,,,60,,,,30,,,,0,Delhi Capitals,0,5,
11329,2019,Kolkata Knight Riders,Sunrisers Hyderabad,normal,,,90,,,,60,,,,30,,,,0,Sunrisers Hyderabad,0,9,
11330,2019,Royal Challengers Bangalore,Chennai Super Kings,normal,,,90,,,,60,,,,30,,,,0,Royal Challengers Bangalore,1,0,
11331,2019,Rajasthan Royals,Delhi Capitals,normal,,,90,,,,60,,,,30,,,,0,Delhi Capitals,0,6,
11332,2019,Sunrisers Hyderabad,Chennai Super Kings,normal,,,90,,,,60,,,,30,,,,0,Chennai Super Kings,0,6,
11333,2019,Royal Challengers Bangalore,Kings XI Punjab,normal,,,90,,,,60,,,,30,,,,0,Royal Challengers Bangalore,17,0,
11334,2019,Kolkata Knight Riders,Rajasthan Royals,normal,,,90,,,,60,,,,30,,,,0,Rajasthan Royals,0,3,
11335,2019,Mumbai Indians,Chennai Super Kings,normal,,,90,,,,60,,,,30,,,,0,Mumbai Indians,46,0,
11336,2019,Sunrisers Hyderabad,Rajasthan Royals,normal,,,90,,,,60,,,,30,,,,0,Rajasthan Royals,0,7,
11337,2019,Delhi Capitals,Royal Challengers Bangalore,normal,,,90,,,,60,,,,30,,,,0,Delhi Capitals,16,0,
11338,2019,Kolkata Knight Riders,Mumbai Indians,normal,,,90,,,,60,,,,30,,,,0,Kolkata Knight Riders,34,0,
11339,2019,Sunrisers Hyderabad,Kings XI Punjab,normal,,,90,,,,60,,,,30,,,,0,Sunrisers Hyderabad,45,0,
11340,2019,Royal Challengers Bangalore,Rajasthan Royals,no result,,,90,,,,60,,,,30,,,,0,,0,0,
11341,2019,Chennai Super Kings,Delhi Capitals,normal,,,90,,,,60,,,,30,,,,0,Chennai Super Kings,80,0,
11342,2019,Mumbai Indians,Sunrisers Hyderabad,tie,,,90,,,,60,,,,30,,,,0,Mumbai Indians,0,0,
11343,2019,Kings XI Punjab,Kolkata Knight Riders,normal,,,90,,,,60,,,,30,,,,0,Kolkata Knight Riders,0,7,
11344,2019,Rajasthan Royals,Delhi Capitals,normal,,,90,,,,60,,,,30,,,,0,Delhi Capitals,0,5,
11345,2019,Sunrisers Hyderabad,Royal Challengers Bangalore,normal,,,90,,,,60,,,,30,,,,0,Royal Challengers Bangalore,0,4,
11346,2019,Chennai Super Kings,Kings XI Punjab,normal,,,90,,,,60,,,,30,,,,0,Kings XI Punjab,0,6,
11347,2019,Kolkata Knight Riders,Mumbai Indians,normal,,,90,,,,60,,,,30,,,,0,Mumbai Indians,0,9,
11412,2019,Chennai Super Kings,Mumbai Indians,normal,,,90,,,,60,,,,30,,,,0,Mumbai Indians,0,6,
11413,2019,Sunrisers Hyderabad,Delhi Capitals,normal,,,90,,,,60,,,,30,,,,0,Delhi Capitals,0,2,
11414,2019,Delhi Capitals,Chennai Super Kings,normal,,,90,,,,60,,,,30,,,,0,Chennai Super Kings,0,6,
11415,2019,Mumbai Indians,Chennai Super Kings,normal,,,90,,,,60,,,,30,,,,0,Mumbai Indians,1,0,
